account,entry_collect,entry_fees,entry_pl,entry_price,entry_shares,entry_side,entry_time,exit_collect,exit_fees,exit_price,exit_shares,exit_side,exit_time,matched_shares,mtm_pl,symbol
backtest,,-8.5475,328.75,466.39,6575.0,1.0,2022-01-07 10:38:25.116,,24.3275,466.44,-6575.0,-1.0,2022-01-07 15:55:00.011,6575.0,328.75,SPY
backtest,,-9.0961,-44850.77,438.24,6997.0,1.0,2022-01-27 10:28:21.854,,25.8889,431.83,-6997.0,-1.0,2022-01-27 13:12:00.013,6997.0,-44850.77,SPY
backtest,,-8.9427,22975.86,445.8,6879.0,1.0,2022-02-04 10:36:18.402,,-8.9427,449.14,-6879.0,-1.0,2022-02-04 13:00:46.049,6879.0,22975.86,SPY
backtest,,-8.4708,-43396.56,470.6,6516.0,1.0,2022-01-13 10:18:17.708,,24.1092,463.94,-6516.0,-1.0,2022-01-13 15:55:00.011,6516.0,-43396.56,SPY
backtest,,-8.9752,22990.32,444.14,6904.0,1.0,2022-01-21 09:43:22.370,,-8.9752,447.47,-6904.0,-1.0,2022-01-21 11:21:24.845,6904.0,22990.32,SPY
backtest,,-8.4695,4886.25,470.65,6515.0,1.0,2022-01-12 10:41:44.667,,24.1055,471.4,-6515.0,-1.0,2022-01-12 15:55:00.017,6515.0,4886.25,SPY
backtest,,-8.3837,12704.53,475.51,6449.0,1.0,2022-01-03 09:47:56.814,,23.8613,477.48,-6449.0,-1.0,2022-01-03 15:55:00.015,6449.0,12704.53,SPY
backtest,,-9.2274,-9227.4,432.01,7098.0,1.0,2022-01-25 09:41:12.695,,26.2626,430.71,-7098.0,-1.0,2022-01-25 09:49:00.048,7098.0,-9227.4,SPY
backtest,,-8.385,-37990.5,475.44,6450.0,1.0,2022-01-05 13:09:41.185,,23.865,469.55,-6450.0,-1.0,2022-01-05 15:55:00.008,6450.0,-37990.5,SPY
backtest,,26.3514,23004.06,430.28,7122.0,1.0,2022-01-28 09:34:00.024,,-9.2586,433.51,-7122.0,-1.0,2022-01-28 11:00:00.453,7122.0,23004.06,SPY
backtest,,-8.8959,-13343.85,448.09,6843.0,1.0,2022-02-07 11:38:31.021,,25.3191,446.14,-6843.0,-1.0,2022-02-07 15:55:00.015,6843.0,-13343.85,SPY
backtest,,-8.7581,-45676.86,455.19,6737.0,1.0,2022-01-20 13:59:47.715,,24.9269,448.41,-6737.0,-1.0,2022-01-20 15:49:00.008,6737.0,-45676.86,SPY
backtest,,25.8112,23020.8,439.59,6976.0,1.0,2022-01-26 10:25:28.590,,-9.0688,442.89,-6976.0,-1.0,2022-01-26 14:00:19.589,6976.0,23020.8,SPY
backtest,,-8.3434,2310.48,477.79,6418.0,1.0,2022-01-04 10:56:12.544,,-8.3434,478.15,-6418.0,-1.0,2022-01-04 15:55:00.084,6418.0,2310.48,SPY
backtest,,-8.7867,22980.6,453.66,6759.0,1.0,2022-02-02 10:35:18.175,,-8.7867,457.06,-6759.0,-1.0,2022-02-02 14:34:50.910,6759.0,22980.6,SPY
backtest,,-9.2573,-44150.2,430.61,7121.0,1.0,2022-01-24 09:44:15.799,,26.3477,424.41,-7121.0,-1.0,2022-01-24 11:47:00.006,7121.0,-44150.2,SPY
backtest,,-8.6658,22997.7,460.03,6666.0,1.0,2022-01-10 09:48:41.035,,-8.6658,463.48,-6666.0,-1.0,2022-01-10 14:34:59.526,6666.0,22997.7,SPY
backtest,,-8.7243,-9730.95,456.92,6711.0,1.0,2022-01-18 11:08:44.035,,24.8307,455.47,-6711.0,-1.0,2022-01-18 15:55:00.011,6711.0,-9730.95,SPY
backtest,,25.271,23017.1,448.98,6830.0,1.0,2022-02-01 09:43:23.985,,-8.879,452.35,-6830.0,-1.0,2022-02-01 15:28:39.783,6830.0,23017.1,SPY
backtest,,-8.6385,22991.7,461.49,6645.0,1.0,2022-01-14 11:08:10.551,,-8.6385,464.95,-6645.0,-1.0,2022-01-14 15:50:04.102,6645.0,22991.7,SPY
backtest,,-8.7165,-31781.7,457.33,6705.0,1.0,2022-01-19 10:18:27.885,,24.8085,452.59,-6705.0,-1.0,2022-01-19 15:55:00.014,6705.0,-31781.7,SPY
backtest,,-8.5254,918.12,467.61,6558.0,1.0,2022-01-06 09:54:50.406,,24.2646,467.75,-6558.0,-1.0,2022-01-06 15:55:00.012,6558.0,918.12,SPY
backtest,,-8.8569,-27524.52,450.09,6813.0,1.0,2022-02-03 12:02:25.216,,25.2081,446.05,-6813.0,-1.0,2022-02-03 15:55:00.007,6813.0,-27524.52,SPY
backtest,,-8.6112,22985.28,462.93,6624.0,1.0,2022-01-11 09:41:50.430,,-8.6112,466.4,-6624.0,-1.0,2022-01-11 11:18:33.582,6624.0,22985.28,SPY
backtest,,-9.0272,-31456.32,441.61,6944.0,1.0,2022-02-17 09:51:59.340,,25.6928,437.08,-6944.0,-1.0,2022-02-17 15:55:00.007,6944.0,-31456.32,SPY
backtest,,25.6188,22987.68,442.88,6924.0,1.0,2022-02-16 09:50:59.718,,-9.0012,446.2,-6924.0,-1.0,2022-02-16 14:24:54.343,6924.0,22987.68,SPY
backtest,,-8.9492,22992.56,445.43,6884.0,1.0,2022-02-08 10:01:34.867,,-8.9492,448.77,-6884.0,-1.0,2022-02-08 11:03:34.560,6884.0,22992.56,SPY
backtest,,-9.2625,12255.0,430.35,7125.0,1.0,2022-03-04 09:46:09.398,,26.3625,432.07,-7125.0,-1.0,2022-03-04 15:55:00.013,7125.0,12255.0,SPY
backtest,,-9.4432,23026.88,422.12,7264.0,1.0,2022-03-10 10:35:07.592,,-9.4432,425.29,-7264.0,-1.0,2022-03-10 14:05:04.909,7264.0,23026.88,SPY
backtest,,26.3107,-47145.93,431.23,7111.0,1.0,2022-02-23 09:54:33.873,,26.3107,424.6,-7111.0,-1.0,2022-02-23 14:25:00.012,7111.0,-47145.93,SPY
backtest,,-9.0857,-24461.5,438.72,6989.0,1.0,2022-03-03 10:06:59.366,,-9.0857,435.22,-6989.0,-1.0,2022-03-03 15:55:00.013,6989.0,-24461.5,SPY
backtest,,-9.2261,22994.28,432.09,7097.0,1.0,2022-03-02 10:09:14.759,,-9.2261,435.33,-7097.0,-1.0,2022-03-02 10:37:18.670,7097.0,22994.28,SPY
backtest,,27.0322,23013.9,419.74,7306.0,1.0,2022-03-14 09:36:21.618,,-9.4978,422.89,-7306.0,-1.0,2022-03-14 10:12:05.821,7306.0,23013.9,SPY
backtest,,-9.0805,1536.7,438.98,6985.0,1.0,2022-02-14 10:01:43.616,,25.8445,439.2,-6985.0,-1.0,2022-02-14 15:55:00.016,6985.0,1536.7,SPY
backtest,,-9.5095,22969.1,419.2,7315.0,1.0,2022-03-15 09:42:09.422,,-9.5095,422.34,-7315.0,-1.0,2022-03-15 10:31:34.391,7315.0,22969.1,SPY
backtest,,-9.2833,-47130.6,429.4,7141.0,1.0,2022-03-07 09:42:30.089,,26.4217,422.8,-7141.0,-1.0,2022-03-07 12:22:00.066,7141.0,-47130.6,SPY
backtest,,-9.3405,-45768.45,426.76,7185.0,1.0,2022-03-11 09:56:07.577,,26.5845,420.39,-7185.0,-1.0,2022-03-11 15:55:00.006,7185.0,-45768.45,SPY
backtest,,26.0961,-42176.94,434.75,7053.0,1.0,2022-03-01 09:52:18.915,,26.0961,428.77,-7053.0,-1.0,2022-03-01 13:34:00.043,7053.0,-42176.94,SPY
backtest,,-9.2586,23004.06,430.55,7122.0,1.0,2022-02-22 09:35:31.168,,-9.2586,433.78,-7122.0,-1.0,2022-02-22 09:49:30.412,7122.0,23004.06,SPY
backtest,,-8.7841,-36758.08,453.83,6757.0,1.0,2022-02-10 12:46:56.760,,25.0009,448.39,-6757.0,-1.0,2022-02-10 15:55:00.007,6757.0,-36758.08,SPY
backtest,,26.0221,-13784.68,436.02,7033.0,1.0,2022-02-18 10:31:34.088,,26.0221,434.06,-7033.0,-1.0,2022-02-18 15:55:00.015,7033.0,-13784.68,SPY
backtest,,-9.4159,23032.74,423.39,7243.0,1.0,2022-03-09 09:52:30.785,,26.7991,426.57,-7243.0,-1.0,2022-03-09 10:58:29.871,7243.0,23032.74,SPY
backtest,,-8.9882,14311.98,443.53,6914.0,1.0,2022-02-15 12:48:00.860,,25.5818,445.6,-6914.0,-1.0,2022-02-15 15:55:00.014,6914.0,14311.98,SPY
backtest,,-9.5238,23003.64,418.54,7326.0,1.0,2022-03-08 09:39:50.790,,-9.5238,421.68,-7326.0,-1.0,2022-03-08 12:11:55.956,7326.0,23003.64,SPY
backtest,,-9.2287,23000.76,431.93,7099.0,1.0,2022-02-28 10:19:05.754,,-9.2287,435.17,-7099.0,-1.0,2022-02-28 10:40:54.062,7099.0,23000.76,SPY
backtest,,-8.8855,-47229.85,448.62,6835.0,1.0,2022-02-11 10:14:01.128,,25.2895,441.71,-6835.0,-1.0,2022-02-11 13:46:00.009,6835.0,-47229.85,SPY
backtest,,-9.2963,23026.22,428.8,7151.0,1.0,2022-02-25 09:57:08.509,,-9.2963,432.02,-7151.0,-1.0,2022-02-25 10:29:27.965,7151.0,23026.22,SPY
backtest,,-9.0012,-23195.4,442.9,6924.0,1.0,2022-04-11 09:40:42.930,,25.6188,439.55,-6924.0,-1.0,2022-04-11 15:55:00.013,6924.0,-23195.4,SPY
backtest,,-8.6853,13295.19,458.95,6681.0,1.0,2022-03-29 09:50:01.677,,24.7197,460.94,-6681.0,-1.0,2022-03-29 15:55:00.019,6681.0,13295.19,SPY
backtest,,-8.9492,-3786.2,445.44,6884.0,1.0,2022-04-20 09:45:01.874,,25.4708,444.89,-6884.0,-1.0,2022-04-20 15:55:00.006,6884.0,-3786.2,SPY
backtest,,24.8825,-19300.75,455.96,6725.0,1.0,2022-03-31 14:16:22.855,,24.8825,453.09,-6725.0,-1.0,2022-03-31 15:55:00.010,6725.0,-19300.75,SPY
backtest,,-8.8374,9993.06,451.06,6798.0,1.0,2022-04-01 10:21:35.166,,25.1526,452.53,-6798.0,-1.0,2022-04-01 15:55:00.011,6798.0,9993.06,SPY
backtest,,-9.0064,-28959.04,442.61,6928.0,1.0,2022-04-12 10:48:36.502,,25.6336,438.43,-6928.0,-1.0,2022-04-12 15:55:00.010,6928.0,-28959.04,SPY
backtest,,-8.7568,-29368.96,455.26,6736.0,1.0,2022-04-05 10:08:13.409,,24.9232,450.9,-6736.0,-1.0,2022-04-05 15:55:00.012,6736.0,-29368.96,SPY
backtest,,-8.9752,-2830.64,444.13,6904.0,1.0,2022-03-21 09:54:23.923,,25.5448,443.72,-6904.0,-1.0,2022-03-21 15:55:00.016,6904.0,-2830.64,SPY
backtest,,-8.8543,11851.14,450.22,6811.0,1.0,2022-03-25 11:10:40.891,,25.2007,451.96,-6811.0,-1.0,2022-03-25 15:55:00.012,6811.0,11851.14,SPY
backtest,,-8.9622,23025.96,444.8,6894.0,1.0,2022-04-06 10:08:07.939,,-8.9622,448.14,-6894.0,-1.0,2022-04-06 14:02:14.102,6894.0,23025.96,SPY
backtest,,-8.6853,-12092.61,458.95,6681.0,1.0,2022-03-30 11:11:09.857,,24.7197,457.14,-6681.0,-1.0,2022-03-30 15:55:00.009,6681.0,-12092.61,SPY
backtest,,26.307,-41024.7,431.28,7110.0,1.0,2022-03-16 12:48:42.628,,26.307,425.51,-7110.0,-1.0,2022-03-16 14:35:00.012,7110.0,-41024.7,SPY
backtest,,-9.1208,-4209.6,437.09,7016.0,1.0,2022-04-18 10:00:22.250,,25.9592,436.49,-7016.0,-1.0,2022-04-18 15:55:00.013,7016.0,-4209.6,SPY
backtest,,-9.0116,-27658.68,442.35,6932.0,1.0,2022-04-14 09:48:20.849,,25.6484,438.36,-6932.0,-1.0,2022-04-14 15:55:00.457,6932.0,-27658.68,SPY
backtest,,-8.8348,22970.48,451.24,6796.0,1.0,2022-03-28 11:36:08.359,,-8.8348,454.62,-6796.0,-1.0,2022-03-28 15:31:30.917,6796.0,22970.48,SPY
backtest,,-8.944,-9907.2,445.69,6880.0,1.0,2022-03-23 13:22:19.458,,25.456,444.25,-6880.0,-1.0,2022-03-23 15:55:00.012,6880.0,-9907.2,SPY
backtest,,-8.957,23012.6,445.05,6890.0,1.0,2022-04-07 10:40:44.820,,-8.957,448.39,-6890.0,-1.0,2022-04-07 14:51:34.898,6890.0,23012.6,SPY
backtest,,-8.9154,617.22,447.12,6858.0,1.0,2022-04-08 15:51:26.643,,-8.9154,447.21,-6858.0,-1.0,2022-04-08 15:55:00.038,6858.0,617.22,SPY
backtest,,-10.1205,22965.75,393.91,7785,1,2022-05-25 12:22:07.117,,28.8045,396.86,-7785,-1,2022-05-25 14:27:17.834,7785,22965.75,SPY
backtest,,27.4466,22995.8,413.38,7418,1,2022-05-03 09:45:58.073,,-9.6434,416.48,-7418,-1,2022-05-03 10:32:56.198,7418,22995.8,SPY
backtest,,28.0867,-46077.37,403.96,7591,1,2022-05-09 09:46:13.444,,28.0867,397.89,-7591,-1,2022-05-09 15:47:00.016,7591,-46077.37,SPY
backtest,,27.3208,22964.24,415.28,7384,1,2022-05-04 10:05:58.809,,-9.5992,418.39,-7384,-1,2022-05-04 13:01:32.940,7384,22964.24,SPY
backtest,,29.2152,22977.36,388.38,7896,1,2022-05-12 09:34:09.010,,-10.2648,391.29,-7896,-1,2022-05-12 10:09:43.470,7896,22977.36,SPY
backtest,,-10.1699,-46859.77,391.99,7823,1,2022-05-20 09:36:44.257,,-10.1699,386.0,-7823,-1,2022-05-20 11:13:00.180,7823,-46859.77,SPY
backtest,,28.0497,22970.43,404.47,7581,1,2022-05-17 09:55:21.232,,-9.8553,407.5,-7581,-1,2022-05-17 14:08:56.764,7581,22970.43,SPY
backtest,,-9.4081,-45882.58,423.73,7237,1,2022-04-26 09:50:47.760,,26.7769,417.39,-7237,-1,2022-04-26 15:33:00.042,7237,-45882.58,SPY
backtest,,-9.7305,22978.95,409.67,7485,1,2022-05-06 09:35:23.254,,-9.7305,412.74,-7485,-1,2022-05-06 10:57:39.707,7485,22978.95,SPY
backtest,,-9.9164,-46454.52,402.01,7628,1,2022-05-18 09:41:45.862,,28.2236,395.92,-7628,-1,2022-05-18 12:08:00.159,7628,-46454.52,SPY
backtest,,-9.4276,-42641.76,422.85,7252,1,2022-04-29 10:17:41.750,,26.8324,416.97,-7252,-1,2022-04-29 14:33:00.013,7252,-42641.76,SPY
backtest,,-10.0373,23008.58,397.18,7721,1,2022-05-11 09:34:15.576,,-10.0373,400.16,-7721,-1,2022-05-11 09:44:44.090,7721,23008.58,SPY
backtest,,-9.1598,-46010.38,435.18,7046,1,2022-04-22 09:39:59.223,,26.0702,428.65,-7046,-1,2022-04-22 14:01:00.042,7046,-46010.38,SPY
backtest,,-9.5303,23019.34,418.26,7331,1,2022-04-27 10:11:26.055,,-9.5303,421.4,-7331,-1,2022-04-27 12:22:15.639,7331,23019.34,SPY
backtest,,-9.9892,22975.16,399.06,7684,1,2022-05-13 14:00:16.581,,-9.9892,402.05,-7684,-1,2022-05-13 15:19:01.337,7684,22975.16,SPY
backtest,,-9.9892,22975.16,399.05,7684,1,2022-05-16 09:45:40.662,,-9.9892,402.04,-7684,-1,2022-05-16 12:04:09.766,7684,22975.16,SPY
backtest,,-9.8644,-44086.28,404.14,7588,1,2022-05-10 09:35:24.113,,28.0756,398.33,-7588,-1,2022-05-10 11:05:00.010,7588,-44086.28,SPY
backtest,,29.1597,23012.52,389.07,7881,1,2022-05-19 09:44:49.097,,-10.2453,391.99,-7881,-1,2022-05-19 11:37:49.673,7881,23012.52,SPY
backtest,,-8.905,-47744.5,447.65,6850,1,2022-04-21 10:46:59.472,,25.345,440.68,-6850,-1,2022-04-21 14:04:00.008,6850,-47744.5,SPY
backtest,,-9.4302,-47151.0,422.74,7254,1,2022-05-05 09:44:45.162,,-9.4302,416.24,-7254,-1,2022-05-05 10:42:00.125,7254,-47151.0,SPY
backtest,,-9.6941,22967.56,411.2,7457,1,2022-05-02 09:34:34.380,,-9.6941,414.28,-7457,-1,2022-05-02 10:26:09.743,7457,22967.56,SPY
backtest,,-10.1868,22959.48,391.33,7836,1,2022-05-23 09:39:36.618,,-10.1868,394.26,-7836,-1,2022-05-23 09:48:28.398,7836,22959.48,SPY
backtest,,-10.2011,22991.71,390.77,7847,1,2022-05-24 09:59:42.030,,29.0339,393.7,-7847,-1,2022-05-24 15:35:54.138,7847,22991.71,SPY
backtest,,-9.4627,23001.64,421.3,7279,1,2022-04-25 09:55:06.452,,-9.4627,424.46,-7279,-1,2022-04-25 14:21:20.722,7279,23001.64,SPY
backtest,,26.9952,22982.4,420.27,7296,1,2022-04-28 09:43:41.217,,26.9952,423.42,-7296,-1,2022-04-28 12:31:29.779,7296,22982.4,SPY
backtest,,27.454,-15804.6,413.28,7420.0,1.0,2022-06-08 12:32:58.990,,27.454,411.15,-7420.0,-1.0,2022-06-08 15:55:00.017,7420.0,-15804.6,SPY
backtest,,27.5502,23008.14,411.6,7446.0,1.0,2022-05-31 09:34:00.013,,-9.6798,414.69,-7446.0,-1.0,2022-05-31 11:56:22.627,7446.0,23008.14,SPY
backtest,,-10.6223,22960.51,375.28,8171.0,1.0,2022-06-23 09:52:14.911,,-10.6223,378.09,-8171.0,-1.0,2022-06-23 10:57:21.406,8171.0,22960.51,SPY
backtest,,-10.2336,-14484.48,389.56,7872.0,1.0,2022-06-27 09:34:03.199,,29.1264,387.72,-7872.0,-1.0,2022-06-27 15:55:00.013,7872.0,-14484.48,SPY
backtest,,-10.1257,-20095.62,393.68,7789.0,1.0,2022-06-10 09:34:00.014,,28.8193,391.1,-7789.0,-1.0,2022-06-10 15:55:00.017,7789.0,-20095.62,SPY
backtest,,-9.6863,-4619.62,411.56,7451.0,1.0,2022-06-03 09:45:01.059,,27.5687,410.94,-7451.0,-1.0,2022-06-03 15:55:00.010,7451.0,-4619.62,SPY
backtest,,-10.6067,23008.38,375.85,8159.0,1.0,2022-07-01 09:35:43.404,,-10.6067,378.67,-8159.0,-1.0,2022-07-01 09:46:25.788,8159.0,23008.38,SPY
backtest,,-10.1946,-48620.4,391.01,7842.0,1.0,2022-06-28 10:03:37.340,,29.0154,384.81,-7842.0,-1.0,2022-06-28 11:41:00.029,7842.0,-48620.4,SPY
backtest,,29.8849,-45069.66,379.66,8077.0,1.0,2022-06-13 09:41:05.892,,29.8849,374.08,-8077.0,-1.0,2022-06-13 15:43:00.007,8077.0,-45069.66,SPY
backtest,,-10.8771,0.0,366.49,8367.0,1.0,2022-06-17 10:15:29.851,,30.9579,366.49,-8367.0,-1.0,2022-06-17 15:55:00.027,8367.0,0.0,SPY
backtest,,-10.803,-26841.3,369.01,8310.0,1.0,2022-06-16 09:38:16.887,,30.747,365.78,-8310.0,-1.0,2022-06-16 15:55:00.011,8310.0,-26841.3,SPY
backtest,,-9.7851,23032.62,407.4,7527.0,1.0,2022-06-02 09:56:12.196,,-9.7851,410.46,-7527.0,-1.0,2022-06-02 10:13:54.402,7527.0,23032.62,SPY
backtest,,-9.6278,-46657.8,414.08,7406.0,1.0,2022-06-01 09:48:10.956,,27.4022,407.78,-7406.0,-1.0,2022-06-01 11:43:00.026,7406.0,-46657.8,SPY
backtest,,27.3948,-15400.32,414.17,7404.0,1.0,2022-06-06 11:13:04.570,,-9.6252,412.09,-7404.0,-1.0,2022-06-06 15:55:00.012,7404.0,-15400.32,SPY
backtest,,30.2216,-14212.32,375.44,8168.0,1.0,2022-06-14 09:40:42.661,,-10.6184,373.7,-8168.0,-1.0,2022-06-14 15:55:00.164,8168.0,-14212.32,SPY
backtest,,-10.5703,23010.73,377.15,8131.0,1.0,2022-06-15 10:47:03.053,,-10.5703,379.98,-8131.0,-1.0,2022-06-15 14:00:41.076,8131.0,23010.73,SPY
backtest,,-10.6431,9578.79,374.55,8187.0,1.0,2022-06-22 15:47:08.295,,30.2919,375.72,-8187.0,-1.0,2022-06-22 15:55:00.009,8187.0,9578.79,SPY
backtest,,-9.7591,22971.42,408.48,7507.0,1.0,2022-06-09 09:42:36.571,,-9.7591,411.54,-7507.0,-1.0,2022-06-09 09:52:20.033,7507.0,22971.42,SPY
backtest,,-10.5079,23036.55,379.39,8083.0,1.0,2022-06-29 09:34:15.001,,-10.5079,382.24,-8083.0,-1.0,2022-06-29 10:02:51.888,8083.0,23036.55,SPY
backtest,,-10.6327,22982.99,374.94,8179.0,1.0,2022-06-30 09:36:28.277,,-10.6327,377.75,-8179.0,-1.0,2022-06-30 11:27:03.228,8179.0,22982.99,SPY
backtest,,-10.3155,23011.5,386.45,7935.0,1.0,2022-07-08 09:50:33.674,,-10.3155,389.35,-7935.0,-1.0,2022-07-08 10:31:33.160,7935.0,23011.5,SPY
backtest,,-10.1478,23027.7,392.83,7806.0,1.0,2022-07-21 09:35:59.950,,-10.1478,395.78,-7806.0,-1.0,2022-07-21 11:34:45.258,7806.0,23027.7,SPY
backtest,,-9.5979,-15799.62,415.34,7383.0,1.0,2022-08-08 11:38:40.180,,27.3171,413.2,-7383.0,-1.0,2022-08-08 15:55:00.013,7383.0,-15799.62,SPY
backtest,,-9.6525,6979.5,413.01,7425.0,1.0,2022-08-04 10:34:23.799,,27.4725,413.95,-7425.0,-1.0,2022-08-04 15:55:00.012,7425.0,6979.5,SPY
backtest,,-9.7708,22998.96,408.01,7516.0,1.0,2022-07-29 11:33:45.239,,-9.7708,411.07,-7516.0,-1.0,2022-07-29 13:53:58.103,7516.0,22998.96,SPY
backtest,,-10.0217,-26441.87,397.8,7709.0,1.0,2022-07-22 10:00:32.172,,28.5233,394.37,-7709.0,-1.0,2022-07-22 15:55:00.012,7709.0,-26441.87,SPY
backtest,,-10.1452,14905.64,392.95,7804.0,1.0,2022-07-20 13:09:44.864,,28.8748,394.86,-7804.0,-1.0,2022-07-20 15:55:00.009,7804.0,14905.64,SPY
backtest,,28.7971,8950.45,394.01,7783.0,1.0,2022-07-25 10:26:53.596,,28.7971,395.16,-7783.0,-1.0,2022-07-25 15:55:00.011,7783.0,8950.45,SPY
backtest,,-10.4533,22997.26,381.38,8041.0,1.0,2022-07-06 09:41:34.038,,-10.4533,384.24,-8041.0,-1.0,2022-07-06 14:33:12.224,8041.0,22997.26,SPY
backtest,,-9.7838,23029.56,407.47,7526.0,1.0,2022-08-02 10:10:11.510,,-9.7838,410.53,-7526.0,-1.0,2022-08-02 10:52:17.960,7526.0,23029.56,SPY
backtest,,29.7406,22988.68,381.48,8038.0,1.0,2022-07-15 09:45:40.253,,-10.4494,384.34,-8038.0,-1.0,2022-07-15 11:08:12.254,8038.0,22988.68,SPY
backtest,,-9.7175,3588.0,410.24,7475.0,1.0,2022-08-01 13:29:22.615,,27.6575,410.72,-7475.0,-1.0,2022-08-01 15:55:00.014,7475.0,3588.0,SPY
backtest,,-9.698,16710.4,411.06,7460.0,1.0,2022-08-05 11:23:03.609,,-9.698,413.3,-7460.0,-1.0,2022-08-05 15:55:00.014,7460.0,16710.4,SPY
backtest,,-10.1764,-3522.6,391.72,7828.0,1.0,2022-07-26 11:25:31.274,,28.9636,391.27,-7828.0,-1.0,2022-07-26 15:55:00.009,7828.0,-3522.6,SPY
backtest,,-10.3519,-10988.94,385.1,7963.0,1.0,2022-07-11 09:36:23.167,,29.4631,383.72,-7963.0,-1.0,2022-07-11 15:55:00.013,7963.0,-10988.94,SPY
backtest,,29.563,-23330.8,383.8,7990.0,1.0,2022-07-12 09:59:40.796,,29.563,380.88,-7990.0,-1.0,2022-07-12 15:55:00.007,7990.0,-23330.8,SPY
backtest,,30.2179,23030.94,375.47,8167.0,1.0,2022-07-13 10:20:01.101,,-10.6171,378.29,-8167.0,-1.0,2022-07-13 10:35:28.945,8167.0,23030.94,SPY
backtest,,-10.7003,22964.49,372.54,8231.0,1.0,2022-07-14 09:36:30.197,,-10.7003,375.33,-8231.0,-1.0,2022-07-14 11:42:35.938,8231.0,22964.49,SPY
backtest,,-9.9411,23017.47,401.02,7647.0,1.0,2022-07-28 09:43:52.262,,-9.9411,404.03,-7647.0,-1.0,2022-07-28 11:44:26.369,7647.0,23017.47,SPY
backtest,,-10.6652,22971.2,373.79,8204.0,1.0,2022-07-05 09:39:59.740,,-10.6652,376.59,-8204.0,-1.0,2022-07-05 12:23:27.403,8204.0,22971.2,SPY
backtest,,-10.2947,-46009.39,387.24,7919.0,1.0,2022-07-18 10:12:13.210,,29.3003,381.43,-7919.0,-1.0,2022-07-18 15:39:00.038,7919.0,-46009.39,SPY
backtest,,28.4752,-16238.56,398.46,7696.0,1.0,2022-08-31 10:15:26.871,,28.4752,396.35,-7696.0,-1.0,2022-08-31 15:55:00.013,7696.0,-16238.56,SPY
backtest,,-9.3795,23015.85,425.03,7215.0,1.0,2022-08-17 11:43:07.385,,-9.3795,428.22,-7215.0,-1.0,2022-08-17 14:03:26.487,7215.0,23015.85,SPY
backtest,,-9.4393,-15756.37,422.29,7261.0,1.0,2022-08-11 11:06:46.899,,-9.4393,420.12,-7261.0,-1.0,2022-08-11 15:55:00.010,7261.0,-15756.37,SPY
backtest,,-10.0204,22969.84,397.83,7708.0,1.0,2022-09-02 09:42:33.742,,-10.0204,400.81,-7708.0,-1.0,2022-09-02 10:31:23.690,7708.0,22969.84,SPY
backtest,,-10.049,23035.4,396.71,7730.0,1.0,2022-09-08 12:06:35.151,,-10.049,399.69,-7730.0,-1.0,2022-09-08 13:36:57.726,7730.0,23035.4,SPY
backtest,,-9.4224,-5508.48,423.06,7248.0,1.0,2022-08-19 09:54:54.798,,26.8176,422.3,-7248.0,-1.0,2022-08-19 15:55:00.006,7248.0,-5508.48,SPY
backtest,,27.7278,8917.86,409.18,7494.0,1.0,2022-09-12 11:56:07.843,,-9.7422,410.37,-7494.0,-1.0,2022-09-12 15:55:00.012,7494.0,8917.86,SPY
backtest,,28.2273,22963.29,401.92,7629.0,1.0,2022-08-29 10:43:32.878,,-9.9177,404.93,-7629.0,-1.0,2022-08-29 12:50:49.870,7629.0,22963.29,SPY
backtest,,-9.5615,23021.15,416.9,7355.0,1.0,2022-08-10 10:20:29.388,,-9.5615,420.03,-7355.0,-1.0,2022-08-10 11:06:03.403,7355.0,23021.15,SPY
backtest,,-9.6096,22989.12,414.82,7392.0,1.0,2022-08-25 12:48:49.041,,-9.6096,417.93,-7392.0,-1.0,2022-08-25 15:42:12.533,7392.0,22989.12,SPY
backtest,,-9.6057,-13374.09,414.98,7389.0,1.0,2022-08-22 10:23:47.226,,27.3393,413.17,-7389.0,-1.0,2022-08-22 15:55:00.010,7389.0,-13374.09,SPY
backtest,,-9.6603,-1263.27,412.68,7431.0,1.0,2022-08-23 11:01:26.600,,27.4947,412.51,-7431.0,-1.0,2022-08-23 15:55:00.010,7431.0,-1263.27,SPY
backtest,,-9.9385,-48545.75,401.1,7645.0,1.0,2022-09-13 09:37:21.018,,28.2865,394.75,-7645.0,-1.0,2022-09-13 15:12:00.019,7645.0,-48545.75,SPY
backtest,,-10.1738,-11817.26,391.83,7826.0,1.0,2022-09-06 09:46:45.943,,28.9562,390.32,-7826.0,-1.0,2022-09-06 15:55:00.010,7826.0,-11817.26,SPY
backtest,,28.2125,-45978.75,402.14,7625.0,1.0,2022-08-30 09:46:26.601,,28.2125,396.11,-7625.0,-1.0,2022-08-30 13:45:00.117,7625.0,-45978.75,SPY
backtest,,-10.1829,23029.02,391.48,7833.0,1.0,2022-09-01 10:02:50.177,,-10.1829,394.42,-7833.0,-1.0,2022-09-01 14:27:18.039,7833.0,23029.02,SPY
backtest,,-9.5433,-46101.48,417.7,7341.0,1.0,2022-08-26 10:01:11.299,,27.1617,411.42,-7341.0,-1.0,2022-08-26 11:05:00.017,7341.0,-46101.48,SPY
backtest,,-10.4247,23014.53,382.41,8019.0,1.0,2022-09-16 09:58:47.934,,-10.4247,385.28,-8019.0,-1.0,2022-09-16 10:35:04.577,8019.0,23014.53,SPY
backtest,,-11.0084,-7621.2,362.15,8468.0,1.0,2022-10-10 09:52:45.872,,31.3316,361.25,-8468.0,-1.0,2022-10-10 15:55:00.009,8468.0,-7621.2,SPY
backtest,,-10.6067,-2202.93,375.86,8159.0,1.0,2022-09-22 09:38:52.206,,30.1883,375.59,-8159.0,-1.0,2022-09-22 15:55:00.010,8159.0,-2202.93,SPY
backtest,,-10.9876,22989.44,362.81,8452.0,1.0,2022-09-28 09:34:07.026,,31.2724,365.53,-8452.0,-1.0,2022-09-28 10:00:44.446,8452.0,22989.44,SPY
backtest,,-10.6327,22246.88,374.93,8179.0,1.0,2022-10-04 13:15:21.929,,30.2623,377.65,-8179.0,-1.0,2022-10-04 15:55:00.008,8179.0,22246.88,SPY
backtest,,-10.1426,-21455.5,393.04,7802.0,1.0,2022-09-15 10:29:22.273,,28.8674,390.29,-7802.0,-1.0,2022-09-15 15:55:00.011,7802.0,-21455.5,SPY
backtest,,-10.6002,-19243.44,376.09,8154.0,1.0,2022-10-06 09:58:55.619,,30.1698,373.73,-8154.0,-1.0,2022-10-06 15:55:00.009,8154.0,-19243.44,SPY
backtest,,-11.1787,22959.33,356.59,8599.0,1.0,2022-10-11 09:56:46.703,,-11.1787,359.26,-8599.0,-1.0,2022-10-11 11:03:20.902,8599.0,22959.33,SPY
backtest,,-10.3532,23015.96,385.04,7964.0,1.0,2022-09-21 14:00:04.482,,-10.3532,387.93,-7964.0,-1.0,2022-09-21 14:44:02.067,7964.0,23015.96,SPY
backtest,,31.0615,17461.6,365.29,8395.0,1.0,2022-10-17 10:51:09.794,,31.0615,367.37,-8395.0,-1.0,2022-10-17 15:55:00.007,8395.0,17461.6,SPY
backtest,,-11.1631,23013.16,357.12,8587.0,1.0,2022-10-12 10:22:12.796,,-11.1631,359.8,-8587.0,-1.0,2022-10-12 12:08:03.251,8587.0,23013.16,SPY
backtest,,30.8691,-45385.92,367.54,8343.0,1.0,2022-10-14 09:43:55.007,,30.8691,362.1,-8343.0,-1.0,2022-10-14 10:15:00.013,8343.0,-45385.92,SPY
backtest,,-11.0903,23033.7,359.44,8531.0,1.0,2022-10-03 09:40:07.104,,31.5647,362.14,-8531.0,-1.0,2022-10-03 10:00:51.990,8531.0,23033.7,SPY
backtest,,-10.6873,23018.8,373.01,8221.0,1.0,2022-10-05 10:00:51.316,,-10.6873,375.81,-8221.0,-1.0,2022-10-05 12:49:47.281,8221.0,23018.8,SPY
backtest,,-10.8524,-44411.36,367.35,8348.0,1.0,2022-10-07 09:44:22.505,,30.8876,362.03,-8348.0,-1.0,2022-10-07 15:25:00.038,8348.0,-44411.36,SPY
backtest,,-10.8524,-10017.6,367.32,8348.0,1.0,2022-09-26 11:09:10.318,,30.8876,366.12,-8348.0,-1.0,2022-09-26 15:55:00.012,8348.0,-10017.6,SPY
backtest,,-11.037,23007.9,361.18,8490.0,1.0,2022-09-30 09:36:41.027,,-11.037,363.89,-8490.0,-1.0,2022-09-30 10:32:30.484,8490.0,23007.9,SPY
backtest,,-10.9161,-45007.92,365.19,8397.0,1.0,2022-09-29 09:36:30.253,,31.0689,359.83,-8397.0,-1.0,2022-09-29 14:21:00.008,8397.0,-45007.92,SPY
backtest,,-10.1413,23012.95,393.07,7801.0,1.0,2022-09-14 10:26:05.612,,28.8637,396.02,-7801.0,-1.0,2022-09-14 11:12:52.338,7801.0,23012.95,SPY
backtest,,-10.8186,-6907.26,368.47,8322.0,1.0,2022-09-23 09:44:01.961,,-10.8186,367.64,-8322.0,-1.0,2022-09-23 15:55:00.044,8322.0,-6907.26,SPY
backtest,,-10.6717,-45149.5,373.53,8209.0,1.0,2022-10-18 09:45:35.016,,30.3733,368.03,-8209.0,-1.0,2022-10-18 11:37:00.242,8209.0,-45149.5,SPY
backtest,,-10.4104,22982.96,382.92,8008.0,1.0,2022-09-20 10:37:02.741,,-10.4104,385.79,-8008.0,-1.0,2022-09-20 11:56:18.066,8008.0,22982.96,SPY
backtest,,-10.8329,-45748.17,367.98,8333.0,1.0,2022-09-27 09:50:41.794,,30.8321,362.49,-8333.0,-1.0,2022-09-27 12:13:00.011,8333.0,-45748.17,SPY
backtest,,-10.4637,23020.14,380.98,8049.0,1.0,2022-10-28 10:12:46.852,,-10.4637,383.84,-8049.0,-1.0,2022-10-28 10:26:03.321,8049.0,23020.14,SPY
backtest,,-10.3454,22998.62,385.34,7958.0,1.0,2022-10-31 10:00:06.471,,-10.3454,388.23,-7958.0,-1.0,2022-10-31 11:51:06.868,7958.0,22998.62,SPY
backtest,,-10.5859,22963.26,376.57,8143.0,1.0,2022-11-07 09:36:43.382,,-10.5859,379.39,-8143.0,-1.0,2022-11-07 14:19:18.312,8143.0,22963.26,SPY
backtest,,-10.0568,22975.92,396.38,7736.0,1.0,2022-11-14 11:19:11.810,,-10.0568,399.35,-7736.0,-1.0,2022-11-14 13:18:23.650,7736.0,22975.92,SPY
backtest,,-10.088,931.2,395.15,7760.0,1.0,2022-11-18 10:02:46.726,,28.712,395.27,-7760.0,-1.0,2022-11-18 15:55:00.015,7760.0,931.2,SPY
backtest,,-10.1244,8099.52,393.75,7788.0,1.0,2022-11-21 10:22:41.961,,28.8156,394.79,-7788.0,-1.0,2022-11-21 15:55:00.010,7788.0,8099.52,SPY
backtest,,-10.6184,23033.76,375.41,8168.0,1.0,2022-11-04 09:37:27.622,,-10.6184,378.23,-8168.0,-1.0,2022-11-04 10:41:00.412,8168.0,23033.76,SPY
backtest,,-10.4481,22985.82,381.53,8037.0,1.0,2022-11-02 12:36:02.170,,-10.4481,384.39,-8037.0,-1.0,2022-11-02 14:00:04.652,8037.0,22985.82,SPY
backtest,,-10.8108,23035.32,368.76,8316.0,1.0,2022-10-19 09:42:31.092,,-10.8108,371.53,-8316.0,-1.0,2022-10-19 10:24:06.443,8316.0,23035.32,SPY
backtest,,-10.8797,23014.75,366.41,8369.0,1.0,2022-10-21 10:36:20.336,,-10.8797,369.16,-8369.0,-1.0,2022-10-21 11:44:15.381,8369.0,23014.75,SPY
backtest,,-9.9593,-18463.01,400.26,7661.0,1.0,2022-11-15 09:49:01.520,,-9.9593,397.85,-7661.0,-1.0,2022-11-15 15:55:00.052,7661.0,-18463.01,SPY
backtest,,-10.6106,23016.84,375.72,8162.0,1.0,2022-10-24 10:02:24.767,,-10.6106,378.54,-8162.0,-1.0,2022-10-24 12:24:23.019,8162.0,23016.84,SPY
backtest,,-10.4221,-23329.47,382.48,8017.0,1.0,2022-10-27 09:41:12.753,,29.6629,379.57,-8017.0,-1.0,2022-10-27 15:55:00.010,8017.0,-23329.47,SPY
backtest,,-10.4455,7151.15,381.62,8035.0,1.0,2022-11-08 13:28:15.586,,29.7295,382.51,-8035.0,-1.0,2022-11-08 15:55:00.010,8035.0,7151.15,SPY
backtest,,-10.7744,23040.64,370.0,8288.0,1.0,2022-11-03 09:51:27.640,,-10.7744,372.78,-8288.0,-1.0,2022-11-03 10:28:59.875,8288.0,23040.64,SPY
backtest,,-10.3948,-7196.4,383.51,7996.0,1.0,2022-10-26 13:23:59.324,,29.5852,382.61,-7996.0,-1.0,2022-10-26 15:55:00.011,7996.0,-7196.4,SPY
backtest,,-10.7952,-25576.32,369.29,8304.0,1.0,2022-10-20 12:07:09.475,,30.7248,366.21,-8304.0,-1.0,2022-10-20 15:55:00.008,8304.0,-25576.32,SPY
backtest,,-10.0828,4963.84,395.38,7756.0,1.0,2022-11-16 10:54:03.013,,28.6972,396.02,-7756.0,-1.0,2022-11-16 15:55:00.010,7756.0,4963.84,SPY
backtest,,-10.1257,22977.55,393.67,7789.0,1.0,2022-11-11 09:43:47.278,,-10.1257,396.62,-7789.0,-1.0,2022-11-11 10:14:18.053,7789.0,22977.55,SPY
backtest,,-10.5326,-34838.6,378.47,8102.0,1.0,2022-11-09 10:34:03.075,,29.9774,374.17,-8102.0,-1.0,2022-11-09 15:55:00.012,8102.0,-34838.6,SPY
backtest,,-10.3103,22999.9,386.63,7931.0,1.0,2022-11-10 09:34:44.002,,-10.3103,389.53,-7931.0,-1.0,2022-11-10 09:59:07.686,7931.0,22999.9,SPY
backtest,,-10.257,-28719.6,388.66,7890.0,1.0,2022-11-01 09:45:57.072,,29.193,385.02,-7890.0,-1.0,2022-11-01 15:55:00.010,7890.0,-28719.6,SPY
backtest,,-9.7708,-46298.56,407.99,7516.0,1.0,2022-12-13 09:37:23.898,,27.8092,401.83,-7516.0,-1.0,2022-12-13 11:53:00.123,7516.0,-46298.56,SPY
backtest,,-10.0113,-46437.03,398.21,7701.0,1.0,2022-12-06 09:44:50.159,,-10.0113,392.18,-7701.0,-1.0,2022-12-06 14:29:00.996,7701.0,-46437.03,SPY
backtest,,-9.8969,-48799.33,402.79,7613.0,1.0,2022-12-14 14:00:02.444,,28.1681,396.38,-7613.0,-1.0,2022-12-14 14:35:00.037,7613.0,-48799.33,SPY
backtest,,28.7453,8235.14,394.71,7769.0,1.0,2022-12-08 14:06:13.624,,-10.0997,395.77,-7769.0,-1.0,2022-12-08 15:55:00.014,7769.0,8235.14,SPY
backtest,,-10.0932,-155.28,394.96,7764.0,1.0,2022-11-29 11:08:39.503,,28.7268,394.94,-7764.0,-1.0,2022-11-29 15:55:00.009,7764.0,-155.28,SPY
backtest,,30.0181,22959.79,377.98,8113.0,1.0,2022-12-20 09:46:31.045,,-10.5469,380.81,-8113.0,-1.0,2022-12-20 10:05:42.720,8113.0,22959.79,SPY
backtest,,-10.4741,-46650.03,380.59,8057.0,1.0,2022-12-22 10:01:49.983,,29.8109,374.8,-8057.0,-1.0,2022-12-22 13:34:00.145,8057.0,-46650.03,SPY
backtest,,-9.8943,-25801.29,402.92,7611.0,1.0,2022-12-05 10:00:00.028,,28.1607,399.53,-7611.0,-1.0,2022-12-05 15:55:00.006,7611.0,-25801.29,SPY
backtest,,-9.958,13405.0,400.33,7660.0,1.0,2022-11-23 11:54:49.122,,28.342,402.08,-7660.0,-1.0,2022-11-23 15:55:00.006,7660.0,13405.0,SPY
backtest,,29.7665,-35076.2,381.15,8045.0,1.0,2022-12-28 10:25:42.195,,-10.4585,376.79,-8045.0,-1.0,2022-12-28 15:55:00.039,8045.0,-35076.2,SPY
backtest,,-10.3727,-1835.17,384.31,7979.0,1.0,2022-12-16 10:06:39.350,,29.5223,384.08,-7979.0,-1.0,2022-12-16 15:55:00.015,7979.0,-1835.17,SPY
backtest,,-10.153,-24757.7,392.63,7810.0,1.0,2022-12-15 09:50:45.021,,28.897,389.46,-7810.0,-1.0,2022-12-15 15:55:00.013,7810.0,-24757.7,SPY
backtest,,-10.0919,-10247.16,395.03,7763.0,1.0,2022-12-09 14:06:19.550,,28.7231,393.71,-7763.0,-1.0,2022-12-09 15:55:00.014,7763.0,-10247.16,SPY
backtest,,-10.1478,2966.28,392.82,7806.0,1.0,2022-12-07 09:49:44.994,,-10.1478,393.2,-7806.0,-1.0,2022-12-07 15:55:00.053,7806.0,2966.28,SPY
backtest,,-10.0022,-21389.32,398.55,7694.0,1.0,2022-11-28 10:53:12.675,,28.4678,395.77,-7694.0,-1.0,2022-11-28 15:55:00.012,7694.0,-21389.32,SPY
backtest,,-10.4468,-13420.12,381.57,8036.0,1.0,2022-12-19 11:00:05.280,,-10.4468,379.9,-8036.0,-1.0,2022-12-19 15:55:16.352,8036.0,-13420.12,SPY
backtest,,-10.1101,23019.92,394.32,7777.0,1.0,2022-11-30 10:00:51.496,,28.7749,397.28,-7777.0,-1.0,2022-11-30 13:31:27.175,7777.0,23019.92,SPY
backtest,,-10.5157,22972.76,379.08,8089.0,1.0,2022-12-23 09:36:18.871,,-10.5157,381.92,-8089.0,-1.0,2022-12-23 10:30:44.286,8089.0,22972.76,SPY
backtest,,-9.7825,1429.75,407.52,7525.0,1.0,2022-12-01 10:11:12.963,,27.8425,407.71,-7525.0,-1.0,2022-12-01 15:55:00.009,7525.0,1429.75,SPY
backtest,,-10.4585,2654.85,381.17,8045.0,1.0,2022-12-27 09:36:10.348,,29.7665,381.5,-8045.0,-1.0,2022-12-27 15:55:00.010,8045.0,2654.85,SPY
backtest,,-10.0919,22978.48,395.01,7763.0,1.0,2023-01-12 09:34:59.024,,-10.0919,397.97,-7763.0,-1.0,2023-01-12 12:30:30.432,7763.0,22978.48,SPY
backtest,,29.304,22968.0,387.19,7920.0,1.0,2023-01-10 09:47:12.332,,-10.296,390.09,-7920.0,-1.0,2023-01-10 14:20:39.056,7920.0,22968.0,SPY
backtest,,-9.6161,10947.56,414.56,7397.0,1.0,2023-02-02 14:35:15.327,,-9.6161,416.04,-7397.0,-1.0,2023-02-02 15:55:00.016,7397.0,10947.56,SPY
backtest,,-10.0152,-47071.44,398.04,7704.0,1.0,2023-01-18 10:39:51.312,,28.5048,391.93,-7704.0,-1.0,2023-01-18 15:41:00.007,7704.0,-47071.44,SPY
backtest,,-10.4403,22968.66,381.84,8031.0,1.0,2023-01-04 10:00:11.678,,-10.4403,384.7,-8031.0,-1.0,2023-01-04 11:31:25.154,8031.0,22968.66,SPY
backtest,,-10.5001,21484.82,379.65,8077.0,1.0,2022-12-30 09:48:17.512,,29.8849,382.31,-8077.0,-1.0,2022-12-30 15:55:00.012,8077.0,21484.82,SPY
backtest,,29.2374,22994.82,388.07,7902.0,1.0,2023-01-19 10:46:11.137,,-10.2726,390.98,-7902.0,-1.0,2023-01-19 14:36:20.286,7902.0,22994.82,SPY
backtest,,-10.4988,-6299.28,379.7,8076.0,1.0,2023-01-05 09:40:06.056,,29.8812,378.92,-8076.0,-1.0,2023-01-05 15:55:00.012,8076.0,-6299.28,SPY
backtest,,-9.9944,13684.64,398.85,7688.0,1.0,2023-01-23 14:54:00.813,,28.4456,400.63,-7688.0,-1.0,2023-01-23 15:55:00.020,7688.0,13684.64,SPY
backtest,,-9.8618,22985.58,404.24,7586.0,1.0,2023-02-01 10:51:26.221,,-9.8618,407.27,-7586.0,-1.0,2023-02-01 14:39:48.869,7586.0,22985.58,SPY
backtest,,-9.6382,-8007.12,413.59,7414.0,1.0,2023-02-03 13:07:03.496,,27.4318,412.51,-7414.0,-1.0,2023-02-03 15:55:00.014,7414.0,-8007.12,SPY
backtest,,29.563,-45942.5,383.78,7990.0,1.0,2023-01-03 09:47:54.336,,29.563,378.03,-7990.0,-1.0,2023-01-03 12:47:00.008,7990.0,-45942.5,SPY
backtest,,-9.9138,14489.4,402.13,7626.0,1.0,2023-01-26 09:49:33.544,,28.2162,404.03,-7626.0,-1.0,2023-01-26 15:55:00.015,7626.0,14489.4,SPY
backtest,,-9.7513,9526.27,408.78,7501.0,1.0,2023-02-06 10:22:08.407,,27.7537,410.05,-7501.0,-1.0,2023-02-06 15:55:00.018,7501.0,9526.27,SPY
backtest,,-10.4442,22977.24,381.68,8034.0,1.0,2023-01-06 09:38:48.981,,29.7258,384.54,-8034.0,-1.0,2023-01-06 10:37:26.122,8034.0,22977.24,SPY
backtest,,28.5159,-3930.57,397.89,7707.0,1.0,2023-01-17 10:42:11.104,,28.5159,397.38,-7707.0,-1.0,2023-01-17 15:55:00.011,7707.0,-3930.57,SPY
backtest,,-9.8696,23003.76,403.93,7592.0,1.0,2023-01-27 10:53:15.377,,-9.8696,406.96,-7592.0,-1.0,2023-01-27 14:15:57.672,7592.0,23003.76,SPY
backtest,,-10.1985,-21416.85,390.9,7845.0,1.0,2023-01-09 13:36:08.929,,29.0265,388.17,-7845.0,-1.0,2023-01-09 15:55:00.009,7845.0,-21416.85,SPY
backtest,,-9.8995,-15077.7,402.71,7615.0,1.0,2023-01-30 10:39:09.493,,28.1755,400.73,-7615.0,-1.0,2023-01-30 15:55:00.006,7615.0,-15077.7,SPY
backtest,,-10.1049,23008.08,394.52,7773.0,1.0,2023-01-25 09:56:52.309,,-10.1049,397.48,-7773.0,-1.0,2023-01-25 11:52:54.852,7773.0,23008.08,SPY
backtest,,-9.7292,-6361.4,409.72,7484.0,1.0,2023-02-16 15:21:05.899,,27.6908,408.87,-7484.0,-1.0,2023-02-16 15:55:00.010,7484.0,-6361.4,SPY
backtest,,-9.6902,15802.48,411.37,7454.0,1.0,2023-02-14 10:37:15.891,,27.5798,413.49,-7454.0,-1.0,2023-02-14 15:55:00.033,7454.0,15802.48,SPY
backtest,,-9.9138,-21276.54,402.12,7626.0,1.0,2023-02-21 10:00:13.501,,28.2162,399.33,-7626.0,-1.0,2023-02-21 15:55:00.014,7626.0,-21276.54,SPY
backtest,,-9.7279,22972.81,409.81,7483.0,1.0,2023-02-07 13:29:51.184,,-9.7279,412.88,-7483.0,-1.0,2023-02-07 14:32:37.416,7483.0,22972.81,SPY
backtest,,-9.8579,22976.49,404.41,7583.0,1.0,2023-02-17 09:54:15.433,,-9.8579,407.44,-7583.0,-1.0,2023-02-17 15:04:19.258,7583.0,22976.49,SPY
backtest,,28.7527,543.97,394.63,7771.0,1.0,2023-03-01 10:06:32.008,,28.7527,394.7,-7771.0,-1.0,2023-03-01 15:55:00.018,7771.0,543.97,SPY
backtest,,-10.1075,11196.0,394.39,7775.0,1.0,2023-02-24 09:46:44.776,,28.7675,395.83,-7775.0,-1.0,2023-02-24 15:55:00.014,7775.0,11196.0,SPY
backtest,,-9.8423,23015.84,405.03,7571.0,1.0,2023-02-10 10:03:44.342,,-9.8423,408.07,-7571.0,-1.0,2023-02-10 10:17:22.999,7571.0,23015.84,SPY
backtest,,-9.6642,-46982.88,412.46,7434.0,1.0,2023-02-09 10:27:15.502,,27.5058,406.14,-7434.0,-1.0,2023-02-09 15:33:00.013,7434.0,-46982.88,SPY
backtest,,-9.6668,-12418.12,412.37,7436.0,1.0,2023-02-08 10:31:56.670,,27.5132,410.7,-7436.0,-1.0,2023-02-08 15:55:00.012,7436.0,-12418.12,SPY
backtest,,-9.8878,-37573.64,403.16,7606.0,1.0,2023-03-07 10:00:28.513,,28.1422,398.22,-7606.0,-1.0,2023-03-07 15:55:00.014,7606.0,-37573.64,SPY
backtest,,-9.9645,3525.9,400.07,7665.0,1.0,2023-02-23 10:45:12.983,,28.3605,400.53,-7665.0,-1.0,2023-02-23 15:55:00.007,7665.0,3525.9,SPY
backtest,,-10.0373,12508.02,397.18,7721.0,1.0,2023-03-08 10:01:19.446,,28.5677,398.8,-7721.0,-1.0,2023-03-08 15:55:00.014,7721.0,12508.02,SPY
backtest,,-9.9918,-10990.98,398.96,7686.0,1.0,2023-02-27 10:40:15.506,,28.4382,397.53,-7686.0,-1.0,2023-02-27 15:55:00.009,7686.0,-10990.98,SPY
backtest,,28.4382,-46346.58,398.96,7686.0,1.0,2023-03-09 12:01:11.386,,-9.9918,392.93,-7686.0,-1.0,2023-03-09 15:05:00.012,7686.0,-46346.58,SPY
backtest,,-10.2492,23021.28,388.93,7884.0,1.0,2023-03-10 09:41:14.191,,-10.2492,391.85,-7884.0,-1.0,2023-03-10 11:22:13.524,7884.0,23021.28,SPY
backtest,,-10.0009,-5462.03,398.6,7693.0,1.0,2023-02-22 10:10:48.496,,28.4641,397.89,-7693.0,-1.0,2023-02-22 15:55:00.012,7693.0,-5462.03,SPY
backtest,,-9.8423,-3785.5,405.01,7571.0,1.0,2023-03-06 13:38:15.127,,28.0127,404.51,-7571.0,-1.0,2023-03-06 15:55:00.007,7571.0,-3785.5,SPY
backtest,,-10.0503,4252.05,396.65,7731.0,1.0,2023-02-28 15:34:20.345,,28.6047,397.2,-7731.0,-1.0,2023-02-28 15:55:00.011,7731.0,4252.05,SPY
backtest,,29.045,-2747.5,390.62,7850.0,1.0,2023-03-14 13:08:31.630,,29.045,390.27,-7850.0,-1.0,2023-03-14 15:55:00.009,7850.0,-2747.5,SPY
backtest,,-9.9086,9146.4,402.3,7622.0,1.0,2023-03-30 12:37:00.860,,28.2014,403.5,-7622.0,-1.0,2023-03-30 15:55:00.011,7622.0,9146.4,SPY
backtest,,-10.1686,-13532.06,392.05,7822.0,1.0,2023-03-17 10:19:09.092,,-10.1686,390.32,-7822.0,-1.0,2023-03-17 15:55:00.016,7822.0,-13532.06,SPY
backtest,,-9.75,14325.0,408.88,7500.0,1.0,2023-04-03 11:06:10.872,,27.75,410.79,-7500.0,-1.0,2023-04-03 15:55:00.018,7500.0,14325.0,SPY
backtest,,-9.6928,18341.76,411.26,7456.0,1.0,2023-04-17 11:38:15.074,,-9.6928,413.72,-7456.0,-1.0,2023-04-17 15:55:00.025,7456.0,18341.76,SPY
backtest,,-9.8033,8596.74,406.62,7541.0,1.0,2023-04-05 10:45:26.226,,27.9017,407.76,-7541.0,-1.0,2023-04-05 15:55:00.012,7541.0,8596.74,SPY
backtest,,-10.1114,9100.26,394.26,7778.0,1.0,2023-03-28 13:38:00.401,,28.7786,395.43,-7778.0,-1.0,2023-03-28 15:55:00.013,7778.0,9100.26,SPY
backtest,,-10.0269,22984.74,397.55,7713.0,1.0,2023-03-22 13:03:18.035,,-10.0269,400.53,-7713.0,-1.0,2023-03-22 14:00:50.540,7713.0,22984.74,SPY
backtest,,-10.2245,22965.8,389.87,7865.0,1.0,2023-03-24 09:46:39.169,,-10.2245,392.79,-7865.0,-1.0,2023-03-24 10:30:46.492,7865.0,22965.8,SPY
backtest,,-9.6317,3408.14,413.9,7409.0,1.0,2023-04-18 10:04:26.860,,27.4133,414.36,-7409.0,-1.0,2023-04-18 15:55:00.010,7409.0,3408.14,SPY
backtest,,-9.6538,-4752.64,412.94,7426.0,1.0,2023-04-14 10:09:06.998,,27.4762,412.3,-7426.0,-1.0,2023-04-14 15:55:00.013,7426.0,-4752.64,SPY
backtest,,-10.0451,-463.62,396.84,7727.0,1.0,2023-03-27 10:30:29.703,,28.5899,396.78,-7727.0,-1.0,2023-03-27 15:55:00.008,7727.0,-463.62,SPY
backtest,,-10.1946,22977.06,391.03,7842.0,1.0,2023-03-20 12:12:07.629,,-10.1946,393.96,-7842.0,-1.0,2023-03-20 15:50:09.614,7842.0,22977.06,SPY
backtest,,-9.7149,-19355.07,410.36,7473.0,1.0,2023-04-12 09:47:27.928,,27.6501,407.77,-7473.0,-1.0,2023-04-12 15:55:00.013,7473.0,-19355.07,SPY
backtest,,-10.0672,-14558.72,395.96,7744.0,1.0,2023-03-23 13:11:52.422,,28.6528,394.08,-7744.0,-1.0,2023-03-23 15:55:00.129,7744.0,-14558.72,SPY
backtest,,-10.0607,22984.83,396.26,7739.0,1.0,2023-03-21 10:24:08.790,,28.6343,399.23,-7739.0,-1.0,2023-03-21 15:44:30.908,7739.0,22984.83,SPY
backtest,,-9.7318,-9731.8,409.65,7486.0,1.0,2023-04-04 10:58:03.520,,27.6982,408.35,-7486.0,-1.0,2023-04-04 15:55:00.011,7486.0,-9731.8,SPY
backtest,,-10.3454,22998.62,385.33,7958.0,1.0,2023-03-15 09:57:23.534,,-10.3454,388.22,-7958.0,-1.0,2023-03-15 14:26:14.157,7958.0,22998.62,SPY
backtest,,-9.8332,-2269.2,405.4,7564.0,1.0,2023-05-04 09:44:06.112,,27.9868,405.1,-7564.0,-1.0,2023-05-04 15:55:00.006,7564.0,-2269.2,SPY
backtest,,-9.5342,4180.38,418.13,7334.0,1.0,2023-05-22 10:08:09.528,,27.1358,418.7,-7334.0,-1.0,2023-05-22 15:55:00.010,7334.0,4180.38,SPY
backtest,,-9.6577,891.48,412.78,7429.0,1.0,2023-05-10 09:40:46.254,,27.4873,412.9,-7429.0,-1.0,2023-05-10 15:55:00.010,7429.0,891.48,SPY
backtest,,-9.5758,-14069.06,416.3,7366.0,1.0,2023-05-23 12:38:29.893,,27.2542,414.39,-7366.0,-1.0,2023-05-23 15:55:00.010,7366.0,-14069.06,SPY
backtest,,-9.711,11952.0,410.48,7470.0,1.0,2023-04-21 10:02:22.291,,27.639,412.08,-7470.0,-1.0,2023-04-21 15:55:00.009,7470.0,11952.0,SPY
backtest,,-9.5147,-585.52,418.98,7319.0,1.0,2023-05-19 11:15:57.433,,27.0803,418.9,-7319.0,-1.0,2023-05-19 15:55:00.011,7319.0,-585.52,SPY
backtest,,-9.7565,-16060.7,408.57,7505.0,1.0,2023-04-25 12:35:54.262,,27.7685,406.43,-7505.0,-1.0,2023-04-25 15:55:00.011,7505.0,-16060.7,SPY
backtest,,-9.8332,-8320.4,405.41,7564.0,1.0,2023-04-26 10:19:01.016,,27.9868,404.31,-7564.0,-1.0,2023-04-26 15:55:00.011,7564.0,-8320.4,SPY
backtest,,-9.7162,23019.92,410.31,7474.0,1.0,2023-05-03 11:10:23.678,,-9.7162,413.39,-7474.0,-1.0,2023-05-03 14:00:15.813,7474.0,23019.92,SPY
backtest,,-9.7149,597.84,410.36,7473.0,1.0,2023-05-16 15:51:18.783,,27.6501,410.44,-7473.0,-1.0,2023-05-16 15:55:00.006,7473.0,597.84,SPY
backtest,,-9.7019,10821.35,410.88,7463.0,1.0,2023-04-24 11:42:44.743,,27.6131,412.33,-7463.0,-1.0,2023-04-24 15:55:00.014,7463.0,10821.35,SPY
backtest,,-9.6889,372.65,411.43,7453.0,1.0,2023-05-12 10:36:11.578,,27.5761,411.48,-7453.0,-1.0,2023-05-12 15:55:00.012,7453.0,372.65,SPY
backtest,,-9.6616,-10330.48,412.58,7432.0,1.0,2023-05-02 10:10:30.863,,27.4984,411.19,-7432.0,-1.0,2023-05-02 15:55:00.010,7432.0,-10330.48,SPY
backtest,,-9.6941,1715.11,411.19,7457.0,1.0,2023-04-20 14:43:11.863,,27.5909,411.42,-7457.0,-1.0,2023-04-20 15:55:00.013,7457.0,1715.11,SPY
backtest,,-9.1416,9633.84,436.09,7032.0,1.0,2023-06-20 10:19:48.263,,26.0184,437.46,-7032.0,-1.0,2023-06-20 15:55:00.015,7032.0,9633.84,SPY
backtest,,-9.0428,-9668.84,440.84,6956.0,1.0,2023-06-16 09:47:14.189,,25.7372,439.45,-6956.0,-1.0,2023-06-16 15:55:00.010,6956.0,-9668.84,SPY
backtest,,-9.4783,-6488.99,420.58,7291.0,1.0,2023-05-30 10:02:25.636,,26.9767,419.69,-7291.0,-1.0,2023-05-30 15:55:00.010,7291.0,-6488.99,SPY
backtest,,-9.2742,-428.04,429.84,7134.0,1.0,2023-06-09 11:25:32.072,,26.3958,429.78,-7134.0,-1.0,2023-06-09 15:55:00.010,7134.0,-428.04,SPY
backtest,,-9.3262,-7389.22,427.45,7174.0,1.0,2023-06-07 10:44:07.072,,-9.3262,426.42,-7174.0,-1.0,2023-06-07 15:56:29.638,7174.0,-7389.22,SPY
backtest,,-9.5641,8681.26,416.79,7357.0,1.0,2023-05-31 10:25:53.447,,27.2209,417.97,-7357.0,-1.0,2023-05-31 15:55:00.006,7357.0,8681.26,SPY
backtest,,-9.1325,-3653.0,436.49,7025.0,1.0,2023-06-14 14:00:01.037,,25.9925,435.97,-7025.0,-1.0,2023-06-14 15:55:00.010,7025.0,-3653.0,SPY
backtest,,-9.3288,-287.04,427.3,7176.0,1.0,2023-06-05 14:32:34.279,,26.5512,427.26,-7176.0,-1.0,2023-06-05 15:55:00.010,7176.0,-287.04,SPY
backtest,,-9.3977,22988.22,424.18,7229.0,1.0,2023-06-02 10:01:21.126,,-9.3977,427.36,-7229.0,-1.0,2023-06-02 11:01:53.732,7229.0,22988.22,SPY
backtest,,-9.217,-5175.7,432.53,7090.0,1.0,2023-06-26 10:40:08.058,,26.233,431.8,-7090.0,-1.0,2023-06-26 15:55:00.014,7090.0,-5175.7,SPY
backtest,,-8.7568,12124.8,455.26,6736.0,1.0,2023-07-28 13:44:03.915,,24.9232,457.06,-6736.0,-1.0,2023-07-28 15:55:00.013,6736.0,12124.8,SPY
backtest,,-8.7997,-5482.89,452.99,6769.0,1.0,2023-07-20 10:34:41.416,,25.0453,452.18,-6769.0,-1.0,2023-07-20 15:55:00.010,6769.0,-5482.89,SPY
backtest,,-8.9492,3373.16,445.47,6884.0,1.0,2023-07-12 11:40:23.137,,-8.9492,445.96,-6884.0,-1.0,2023-07-12 15:59:59.110,6884.0,3373.16,SPY
backtest,,-8.8374,-5166.48,451.07,6798.0,1.0,2023-08-02 10:49:09.077,,25.1526,450.31,-6798.0,-1.0,2023-08-02 15:55:00.011,6798.0,-5166.48,SPY
backtest,,-9.0714,-4675.26,439.44,6978.0,1.0,2023-07-07 15:45:03.337,,25.8186,438.77,-6978.0,-1.0,2023-07-07 15:55:00.009,6978.0,-4675.26,SPY
backtest,,-8.7204,-31997.16,457.11,6708.0,1.0,2023-07-27 11:13:27.087,,24.8196,452.34,-6708.0,-1.0,2023-07-27 15:55:00.012,6708.0,-31997.16,SPY
backtest,,-8.8803,614.79,448.9,6831.0,1.0,2023-07-14 15:00:55.900,,25.2747,448.99,-6831.0,-1.0,2023-07-14 15:55:00.012,6831.0,614.79,SPY
backtest,,-8.7893,8789.3,453.55,6761.0,1.0,2023-07-26 15:19:11.842,,25.0157,454.85,-6761.0,-1.0,2023-07-26 15:55:00.012,6761.0,8789.3,SPY
backtest,,-8.8634,-22703.94,449.72,6818.0,1.0,2023-08-04 10:03:08.232,,25.2266,446.39,-6818.0,-1.0,2023-08-04 15:55:00.009,6818.0,-22703.94,SPY
backtest,,-9.0844,-5800.04,438.79,6988.0,1.0,2023-08-22 10:34:03.275,,25.8556,437.96,-6988.0,-1.0,2023-08-22 15:55:00.011,6988.0,-5800.04,SPY
backtest,,-9.087,-10415.1,438.67,6990.0,1.0,2023-08-17 13:42:56.407,,25.863,437.18,-6990.0,-1.0,2023-08-17 15:55:00.011,6990.0,-10415.1,SPY
backtest,,-9.1065,22976.4,437.73,7005.0,1.0,2023-08-25 10:08:16.945,,25.9185,441.01,-7005.0,-1.0,2023-08-25 10:17:03.481,7005.0,22976.4,SPY
backtest,,25.1452,-611.64,451.2,6796.0,1.0,2023-09-01 09:49:23.644,,25.1452,451.11,-6796.0,-1.0,2023-09-01 15:55:00.015,6796.0,-611.64,SPY
backtest,,-8.8452,1701.0,450.65,6804.0,1.0,2023-08-31 12:45:34.748,,-8.8452,450.9,-6804.0,-1.0,2023-08-31 15:55:47.236,6804.0,1701.0,SPY
backtest,,25.4523,1169.43,445.74,6879.0,1.0,2023-09-06 10:52:34.660,,25.4523,445.91,-6879.0,-1.0,2023-09-06 15:55:00.011,6879.0,1169.43,SPY
backtest,,-9.1286,23032.16,436.7,7022.0,1.0,2023-08-21 10:26:05.535,,-9.1286,439.98,-7022.0,-1.0,2023-08-21 15:42:17.181,7022.0,23032.16,SPY
backtest,,-8.9219,-5764.92,446.84,6863.0,1.0,2023-08-09 11:15:50.529,,-8.9219,446.0,-6863.0,-1.0,2023-08-09 15:55:00.014,6863.0,-5764.92,SPY
backtest,,-8.97,-10488.0,444.4,6900.0,1.0,2023-08-15 10:05:20.783,,25.53,442.88,-6900.0,-1.0,2023-08-15 15:55:00.013,6900.0,-10488.0,SPY
backtest,,-8.9648,2413.6,444.69,6896.0,1.0,2023-09-08 15:01:27.335,,-8.9648,445.04,-6896.0,-1.0,2023-09-08 15:55:00.032,6896.0,2413.6,SPY
backtest,,-8.8751,-22529.1,449.15,6827.0,1.0,2023-08-10 10:45:13.255,,25.2599,445.85,-6827.0,-1.0,2023-08-10 15:55:00.009,6827.0,-22529.1,SPY
backtest,,-9.0181,-14220.85,442.03,6937.0,1.0,2023-08-16 12:11:04.704,,25.6669,439.98,-6937.0,-1.0,2023-08-16 15:55:00.011,6937.0,-14220.85,SPY
backtest,,-9.0051,-35604.78,442.68,6927.0,1.0,2023-08-24 10:24:42.181,,25.6299,437.54,-6927.0,-1.0,2023-08-24 15:55:00.014,6927.0,-35604.78,SPY
backtest,,-9.0402,11056.86,440.96,6954.0,1.0,2023-08-28 11:42:40.262,,-9.0402,442.55,-6954.0,-1.0,2023-08-28 15:55:18.712,6954.0,11056.86,SPY
backtest,,-8.944,3371.2,445.71,6880.0,1.0,2023-09-12 15:15:35.986,,25.456,446.2,-6880.0,-1.0,2023-09-12 15:55:00.008,6880.0,3371.2,SPY
backtest,,25.4671,22989.22,445.48,6883.0,1.0,2023-08-08 10:17:13.251,,-8.9479,448.82,-6883.0,-1.0,2023-08-08 15:42:06.361,6883.0,22989.22,SPY
backtest,,25.2599,10035.69,449.18,6827.0,1.0,2023-08-30 10:26:15.990,,25.2599,450.65,-6827.0,-1.0,2023-08-30 15:55:00.007,6827.0,10035.69,SPY
backtest,,-8.957,-12539.8,445.08,6890.0,1.0,2023-09-15 10:52:10.092,,25.493,443.26,-6890.0,-1.0,2023-09-15 15:55:00.012,6890.0,-12539.8,SPY
backtest,,-9.4276,12328.4,422.82,7252.0,1.0,2023-10-05 10:05:45.498,,-9.4276,424.52,-7252.0,-1.0,2023-10-05 15:57:14.816,7252.0,12328.4,SPY
backtest,,-9.2365,-9520.7,431.57,7105.0,1.0,2023-09-22 13:38:14.149,,26.2885,430.23,-7105.0,-1.0,2023-09-22 15:55:00.014,7105.0,-9520.7,SPY
backtest,,-9.3613,7417.03,425.85,7201.0,1.0,2023-10-02 11:53:44.636,,26.6437,426.88,-7201.0,-1.0,2023-10-02 15:55:00.016,7201.0,7417.03,SPY
backtest,,26.1516,17033.88,433.86,7068.0,1.0,2023-10-11 12:17:28.963,,-9.1884,436.27,-7068.0,-1.0,2023-10-11 15:55:06.082,7068.0,17033.88,SPY
backtest,,-9.3717,3460.32,425.38,7209.0,1.0,2023-09-27 10:53:16.317,,26.6733,425.86,-7209.0,-1.0,2023-09-27 15:55:00.012,7209.0,3460.32,SPY
backtest,,-9.2053,-7930.72,433.03,7081.0,1.0,2023-09-21 15:00:22.390,,26.1997,431.91,-7081.0,-1.0,2023-09-21 15:55:00.014,7081.0,-7930.72,SPY
backtest,,-9.3977,-22482.19,424.2,7229.0,1.0,2023-10-03 10:05:01.681,,26.7473,421.09,-7229.0,-1.0,2023-10-03 15:55:00.107,7229.0,-22482.19,SPY
backtest,,-9.0454,14472.64,440.68,6958.0,1.0,2023-09-19 10:39:58.781,,25.7446,442.76,-6958.0,-1.0,2023-09-19 15:55:00.013,6958.0,14472.64,SPY
backtest,,-9.0103,-22456.44,442.42,6931.0,1.0,2023-09-20 14:00:01.130,,25.6447,439.18,-6931.0,-1.0,2023-09-20 15:55:00.011,6931.0,-22456.44,SPY
backtest,,-9.1806,-18361.2,434.21,7062.0,1.0,2023-10-13 10:17:13.085,,26.1294,431.61,-7062.0,-1.0,2023-10-13 15:55:00.017,7062.0,-18361.2,SPY
backtest,,-9.4653,23007.96,421.13,7281.0,1.0,2023-10-04 10:08:44.050,,26.9397,424.29,-7281.0,-1.0,2023-10-04 12:32:36.842,7281.0,23007.96,SPY
backtest,,-8.9505,7229.25,445.4,6885.0,1.0,2023-09-13 15:14:22.937,,-8.9505,446.45,-6885.0,-1.0,2023-09-13 15:55:15.544,6885.0,7229.25,SPY
backtest,,-9.3223,-13481.48,427.63,7171.0,1.0,2023-09-26 10:14:09.162,,-9.3223,425.75,-7171.0,-1.0,2023-09-26 15:55:00.018,7171.0,-13481.48,SPY
backtest,,-9.1676,-7686.68,434.85,7052.0,1.0,2023-10-12 13:08:31.327,,26.0924,433.76,-7052.0,-1.0,2023-10-12 15:55:00.011,7052.0,-7686.68,SPY
backtest,,-9.2794,-11706.32,429.57,7138.0,1.0,2023-09-29 11:34:51.279,,-9.2794,427.93,-7138.0,-1.0,2023-09-29 15:55:00.012,7138.0,-11706.32,SPY
backtest,,-9.5004,-14762.16,419.59,7308.0,1.0,2023-10-25 09:46:59.207,,27.0396,417.57,-7308.0,-1.0,2023-10-25 15:55:00.008,7308.0,-14762.16,SPY
backtest,,-9.6746,-13172.34,412.04,7442.0,1.0,2023-10-27 10:42:28.604,,27.5354,410.27,-7442.0,-1.0,2023-10-27 15:55:00.012,7442.0,-13172.34,SPY
backtest,,-9.646,23002.0,413.27,7420.0,1.0,2023-10-30 10:17:19.302,,-9.646,416.37,-7420.0,-1.0,2023-10-30 15:02:38.351,7420.0,23002.0,SPY
backtest,,-9.2872,23003.68,429.25,7144.0,1.0,2023-10-19 10:29:58.803,,-9.2872,432.47,-7144.0,-1.0,2023-10-19 12:21:20.693,7144.0,23003.68,SPY
backtest,,-9.2157,-17651.61,432.55,7089.0,1.0,2023-10-18 10:51:27.611,,26.2293,430.06,-7089.0,-1.0,2023-10-18 15:55:00.015,7089.0,-17651.61,SPY
backtest,,-8.879,2322.2,448.96,6830.0,1.0,2023-11-15 13:14:08.154,,25.271,449.3,-6830.0,-1.0,2023-11-15 15:55:00.010,6830.0,2322.2,SPY
backtest,,-9.4432,11041.28,422.15,7264.0,1.0,2023-10-24 12:19:36.637,,26.8768,423.67,-7264.0,-1.0,2023-10-24 15:55:00.012,7264.0,11041.28,SPY
backtest,,-9.5407,22971.07,417.83,7339.0,1.0,2023-10-23 09:43:25.333,,-9.5407,420.96,-7339.0,-1.0,2023-10-23 10:14:11.345,7339.0,22971.07,SPY
backtest,,26.7362,-23123.2,424.39,7226.0,1.0,2023-10-20 10:08:21.087,,26.7362,421.19,-7226.0,-1.0,2023-10-20 15:55:00.013,7226.0,-23123.2,SPY
backtest,,-9.6031,-18024.28,415.11,7387.0,1.0,2023-10-26 10:00:03.583,,-9.6031,412.67,-7387.0,-1.0,2023-10-26 15:55:00.793,7387.0,-18024.28,SPY
backtest,,-9.1481,11259.2,435.78,7037.0,1.0,2023-11-08 12:00:56.849,,26.0369,437.38,-7037.0,-1.0,2023-11-08 15:55:00.014,7037.0,11259.2,SPY
backtest,,-9.1442,-17022.28,435.96,7034.0,1.0,2023-11-09 13:03:17.923,,-9.1442,433.54,-7034.0,-1.0,2023-11-09 15:55:00.011,7034.0,-17022.28,SPY
backtest,,-9.1858,7419.3,433.99,7066.0,1.0,2023-11-06 13:19:28.646,,-9.1858,435.04,-7066.0,-1.0,2023-11-06 15:55:00.030,7066.0,7419.3,SPY
backtest,,-8.7464,-8006.32,455.74,6728.0,1.0,2023-11-29 11:10:47.456,,-8.7464,454.55,-6728.0,-1.0,2023-11-29 15:55:00.015,6728.0,-8006.32,SPY
backtest,,-8.7789,6753.0,454.1,6753.0,1.0,2023-11-22 10:01:32.171,,24.9861,455.1,-6753.0,-1.0,2023-11-22 15:55:00.012,6753.0,6753.0,SPY
backtest,,-8.7685,13624.9,454.64,6745.0,1.0,2023-12-04 10:28:59.018,,24.9565,456.66,-6745.0,-1.0,2023-12-04 15:55:00.009,6745.0,13624.9,SPY
backtest,,-8.4253,3110.88,473.11,6481.0,1.0,2023-12-22 14:05:33.102,,23.9797,473.59,-6481.0,-1.0,2023-12-22 15:55:00.007,6481.0,3110.88,SPY
backtest,,-8.463,2018.1,471.03,6510.0,1.0,2023-12-14 13:25:32.004,,24.087,471.34,-6510.0,-1.0,2023-12-14 15:55:00.012,6510.0,2018.1,SPY
backtest,,24.8677,-12097.8,456.24,6721.0,1.0,2023-12-06 11:33:29.369,,24.8677,454.44,-6721.0,-1.0,2023-12-06 15:55:00.011,6721.0,-12097.8,SPY
backtest,,-8.4812,17092.88,470.03,6524.0,1.0,2023-12-21 12:00:39.745,,24.1388,472.65,-6524.0,-1.0,2023-12-21 15:55:00.009,6524.0,17092.88,SPY
backtest,,-8.5215,2097.6,467.78,6555.0,1.0,2024-01-05 12:08:34.392,,24.2535,468.1,-6555.0,-1.0,2024-01-05 15:55:00.014,6555.0,2097.6,SPY
backtest,,-8.3759,1095.31,475.95,6443.0,1.0,2024-01-11 09:50:45.906,,23.8391,476.12,-6443.0,-1.0,2024-01-11 15:55:00.009,6443.0,1095.31,SPY
backtest,,-8.4747,12777.24,470.36,6519.0,1.0,2024-01-17 13:32:26.088,,24.1203,472.32,-6519.0,-1.0,2024-01-17 15:55:00.010,6519.0,12777.24,SPY
backtest,,-8.4357,22971.06,472.55,6489.0,1.0,2024-01-18 13:07:00.510,,-8.4357,476.09,-6489.0,-1.0,2024-01-18 15:09:23.062,6489.0,22971.06,SPY
backtest,,-8.4669,7294.56,470.8,6513.0,1.0,2024-01-02 15:02:58.086,,24.0981,471.92,-6513.0,-1.0,2024-01-02 15:55:00.008,6513.0,7294.56,SPY
backtest,,-8.3902,-2452.52,475.12,6454.0,1.0,2023-12-29 10:47:59.830,,-8.3902,474.74,-6454.0,-1.0,2023-12-29 15:55:23.593,6454.0,-2452.52,SPY
backtest,,23.8021,257.32,476.66,6433.0,1.0,2024-01-12 10:00:18.442,,-8.3629,476.7,-6433.0,-1.0,2024-01-12 15:55:00.050,6433.0,257.32,SPY
backtest,,-8.5111,-458.29,468.37,6547.0,1.0,2024-01-03 15:53:22.051,,24.2239,468.3,-6547.0,-1.0,2024-01-03 15:55:00.011,6547.0,-458.29,SPY
backtest,,23.3359,-6307.0,486.21,6307.0,1.0,2024-01-24 14:21:49.959,,23.3359,485.21,-6307.0,-1.0,2024-01-24 15:55:00.006,6307.0,-6307.0,SPY
backtest,,-8.112,11668.8,491.41,6240.0,1.0,2024-02-05 10:17:00.787,,23.088,493.28,-6240.0,-1.0,2024-02-05 15:55:00.006,6240.0,11668.8,SPY
backtest,,-8.2043,-14704.63,485.88,6311.0,1.0,2024-01-31 14:01:05.431,,-8.2043,483.55,-6311.0,-1.0,2024-01-31 15:55:00.006,6311.0,-14704.63,SPY
backtest,,-8.4162,5567.64,473.65,6474.0,1.0,2024-01-16 14:05:43.895,,23.9538,474.51,-6474.0,-1.0,2024-01-16 15:55:00.009,6474.0,5567.64,SPY
backtest,,-8.5215,-3736.35,467.82,6555.0,1.0,2024-01-04 15:49:58.335,,24.2535,467.25,-6555.0,-1.0,2024-01-04 15:55:00.009,6555.0,-3736.35,SPY
backtest,,-8.2082,10607.52,485.67,6314.0,1.0,2024-01-25 14:01:13.622,,-8.2082,487.35,-6314.0,-1.0,2024-01-25 15:55:00.014,6314.0,10607.52,SPY
backtest,,-8.0847,-248.76,493.05,6219.0,1.0,2024-02-13 14:04:00.462,,-8.0847,493.01,-6219.0,-1.0,2024-02-13 15:55:00.607,6219.0,-248.76,SPY
backtest,,-7.8481,-6640.7,507.96,6037.0,1.0,2024-03-05 10:32:10.354,,22.3369,506.86,-6037.0,-1.0,2024-03-05 15:55:06.047,6037.0,-6640.7,SPY
backtest,,22.3369,3199.61,507.93,6037.0,1.0,2024-02-23 11:04:11.017,,22.3369,508.46,-6037.0,-1.0,2024-02-23 15:55:00.013,6037.0,3199.61,SPY
backtest,,-8.0743,19502.54,493.69,6211.0,1.0,2024-02-21 15:21:07.791,,22.9807,496.83,-6211.0,-1.0,2024-02-21 15:55:00.006,6211.0,19502.54,SPY
backtest,,-7.8754,16538.34,506.19,6058.0,1.0,2024-02-29 11:38:30.531,,-7.8754,508.92,-6058.0,-1.0,2024-02-29 15:55:00.040,6058.0,16538.34,SPY
backtest,,-7.7337,-17965.98,515.43,5949.0,1.0,2024-03-08 11:18:36.864,,-7.7337,512.41,-5949.0,-1.0,2024-03-08 15:55:00.006,5949.0,-17965.98,SPY
backtest,,-7.982,307.0,499.45,6140.0,1.0,2024-02-16 09:55:05.091,,22.718,499.5,-6140.0,-1.0,2024-02-16 15:55:00.006,6140.0,307.0,SPY
backtest,,-7.839,8743.5,508.53,6030.0,1.0,2024-03-06 10:06:53.623,,22.311,509.98,-6030.0,-1.0,2024-03-06 15:55:00.006,6030.0,8743.5,SPY
backtest,,-7.8754,1696.24,506.17,6058.0,1.0,2024-02-26 13:35:33.453,,22.4146,506.45,-6058.0,-1.0,2024-02-26 15:55:00.011,6058.0,1696.24,SPY
backtest,,-8.0522,6255.94,495.07,6194.0,1.0,2024-02-20 12:12:33.543,,22.9178,496.08,-6194.0,-1.0,2024-02-20 15:55:00.006,6194.0,6255.94,SPY
backtest,,-7.8026,22987.66,510.89,6002.0,1.0,2024-03-12 09:46:19.677,,-7.8026,514.72,-6002.0,-1.0,2024-03-12 10:24:59.632,6002.0,22987.66,SPY
backtest,,-7.8364,12297.12,508.68,6028.0,1.0,2024-03-11 10:07:26.128,,-7.8364,510.72,-6028.0,-1.0,2024-03-11 15:55:00.064,6028.0,12297.12,SPY
backtest,,-7.9612,1347.28,500.72,6124.0,1.0,2024-02-12 14:19:20.000,,22.6588,500.94,-6124.0,-1.0,2024-02-12 15:55:00.006,6124.0,1347.28,SPY
backtest,,-8.047,17889.1,495.41,6190.0,1.0,2024-02-14 11:00:33.061,,22.903,498.3,-6190.0,-1.0,2024-02-14 15:55:00.006,6190.0,17889.1,SPY
backtest,,-7.6895,6033.3,518.45,5915.0,1.0,2024-04-03 15:15:00.704,,-7.6895,519.47,-5915.0,-1.0,2024-04-03 15:59:46.740,5915.0,6033.3,SPY
backtest,,-7.7688,-16971.84,513.1,5976.0,1.0,2024-04-12 10:36:48.343,,22.1112,510.26,-5976.0,-1.0,2024-04-12 15:55:00.011,5976.0,-16971.84,SPY
backtest,,-7.7402,-3810.56,515.02,5954.0,1.0,2024-03-14 09:49:06.407,,-7.7402,514.38,-5954.0,-1.0,2024-03-14 15:55:00.007,5954.0,-3810.56,SPY
backtest,,-7.6414,4643.62,521.68,5878.0,1.0,2024-04-01 11:16:13.747,,21.7486,522.47,-5878.0,-1.0,2024-04-01 15:55:00.007,5878.0,4643.62,SPY
backtest,,-7.7688,-45835.92,513.15,5976.0,1.0,2024-04-15 10:09:59.550,,22.1112,505.48,-5976.0,-1.0,2024-04-15 13:50:00.016,5976.0,-45835.92,SPY
backtest,,-7.7805,13585.95,512.39,5985.0,1.0,2024-04-10 13:06:45.053,,22.1445,514.66,-5985.0,-1.0,2024-04-10 15:55:00.021,5985.0,13585.95,SPY
backtest,,-7.6765,-649.55,519.28,5905.0,1.0,2024-03-26 15:44:51.970,,21.8485,519.17,-5905.0,-1.0,2024-03-26 15:55:00.010,5905.0,-649.55,SPY
backtest,,-7.7701,23011.45,513.06,5977.0,1.0,2024-04-11 10:08:06.334,,-7.7701,516.91,-5977.0,-1.0,2024-04-11 13:12:38.731,5977.0,23011.45,SPY
backtest,,-7.8364,5123.8,508.65,6028.0,1.0,2024-03-15 12:51:39.086,,-7.8364,509.5,-6028.0,-1.0,2024-03-15 15:55:00.008,6028.0,5123.8,SPY
backtest,,-7.7415,6252.75,514.96,5955.0,1.0,2024-03-13 15:28:33.633,,22.0335,516.01,-5955.0,-1.0,2024-03-13 15:55:00.009,5955.0,6252.75,SPY
backtest,,21.7597,-44695.6,521.41,5881.0,1.0,2024-04-04 14:05:31.143,,21.7597,513.81,-5881.0,-1.0,2024-04-04 15:33:00.011,5881.0,-44695.6,SPY
backtest,,-7.93,22997.0,502.65,6100.0,1.0,2024-04-16 10:37:19.453,,-7.93,506.42,-6100.0,-1.0,2024-04-16 14:12:20.683,6100.0,22997.0,SPY
backtest,,-7.6973,1776.3,517.9,5921.0,1.0,2024-04-09 10:28:32.710,,21.9077,518.2,-5921.0,-1.0,2024-04-09 15:55:00.008,5921.0,1776.3,SPY
backtest,,-7.9105,-13812.95,503.89,6085.0,1.0,2024-04-17 10:12:37.248,,22.5145,501.62,-6085.0,-1.0,2024-04-17 15:55:01.192,6085.0,-13812.95,SPY
backtest,,-7.9469,-4156.84,501.6,6113.0,1.0,2024-05-01 15:52:19.285,,22.6181,500.92,-6113.0,-1.0,2024-05-01 15:55:00.011,6113.0,-4156.84,SPY
backtest,,-7.5322,3128.76,529.23,5794.0,1.0,2024-05-20 14:08:32.820,,21.4378,529.77,-5794.0,-1.0,2024-05-20 15:55:00.010,5794.0,3128.76,SPY
backtest,,-8.0444,23019.36,495.58,6188.0,1.0,2024-04-22 11:15:14.690,,-8.0444,499.3,-6188.0,-1.0,2024-04-22 13:25:07.643,6188.0,23019.36,SPY
backtest,,-7.9703,22991.25,500.12,6131.0,1.0,2024-04-18 09:36:58.965,,-7.9703,503.87,-6131.0,-1.0,2024-04-18 11:15:31.130,6131.0,22991.25,SPY
backtest,,-7.6661,7489.19,520.03,5897.0,1.0,2024-05-10 10:54:31.367,,21.8189,521.3,-5897.0,-1.0,2024-05-10 15:55:00.017,5897.0,7489.19,SPY
backtest,,-7.8975,6378.75,504.8,6075.0,1.0,2024-04-24 11:03:52.101,,22.4775,505.85,-6075.0,-1.0,2024-04-24 15:55:00.009,6075.0,6378.75,SPY
backtest,,-7.8299,14455.2,509.11,6023.0,1.0,2024-05-03 10:20:52.842,,22.2851,511.51,-6023.0,-1.0,2024-05-03 15:55:00.010,6023.0,14455.2,SPY
backtest,,-7.9521,22999.92,501.32,6117.0,1.0,2024-05-02 10:01:29.822,,-7.9521,505.08,-6117.0,-1.0,2024-05-02 14:47:18.234,6117.0,22999.92,SPY
backtest,,-7.6687,6193.95,519.78,5899.0,1.0,2024-05-13 13:10:24.067,,-7.6687,520.83,-5899.0,-1.0,2024-05-13 15:55:05.103,5899.0,6193.95,SPY
backtest,,-7.5335,-1622.6,529.15,5795.0,1.0,2024-05-22 14:02:37.364,,21.4415,528.87,-5795.0,-1.0,2024-05-22 15:55:00.012,5795.0,-1622.6,SPY
backtest,,-8.0093,-16265.04,497.74,6161.0,1.0,2024-04-19 10:26:31.713,,22.7957,495.1,-6161.0,-1.0,2024-04-19 15:55:00.011,6161.0,-16265.04,SPY
backtest,,-7.8429,8385.87,508.28,6033.0,1.0,2024-04-29 15:02:58.942,,22.3221,509.67,-6033.0,-1.0,2024-04-29 15:55:00.013,6033.0,8385.87,SPY
backtest,,20.9901,13274.82,540.54,5673.0,1.0,2024-06-13 10:26:32.178,,20.9901,542.88,-5673.0,-1.0,2024-06-13 15:55:00.019,5673.0,13274.82,SPY
backtest,,21.3934,-25036.06,530.29,5782.0,1.0,2024-05-23 09:51:08.378,,21.3934,525.96,-5782.0,-1.0,2024-05-23 15:55:00.011,5782.0,-25036.06,SPY
backtest,,-7.2891,-13456.8,546.89,5607.0,1.0,2024-06-28 12:09:00.962,,20.7459,544.49,-5607.0,-1.0,2024-06-28 15:55:00.016,5607.0,-13456.8,SPY
backtest,,-7.5504,6446.88,528.0,5808.0,1.0,2024-05-28 14:30:20.435,,21.4896,529.11,-5808.0,-1.0,2024-05-28 15:55:00.009,5808.0,6446.88,SPY
backtest,,-7.3307,-1184.19,543.77,5639.0,1.0,2024-06-24 13:33:55.904,,20.8643,543.56,-5639.0,-1.0,2024-06-24 15:55:00.012,5639.0,-1184.19,SPY
backtest,,-7.5686,-640.42,526.73,5822.0,1.0,2024-06-03 10:48:01.537,,21.5414,526.62,-5822.0,-1.0,2024-06-03 15:55:00.026,5822.0,-640.42,SPY
backtest,,-7.2826,1960.7,547.35,5602.0,1.0,2024-06-20 12:24:41.002,,20.7274,547.7,-5602.0,-1.0,2024-06-20 15:55:00.015,5602.0,1960.7,SPY
backtest,,21.7338,23026.08,522.01,5874.0,1.0,2024-05-31 10:14:30.432,,-7.6362,525.93,-5874.0,-1.0,2024-05-31 15:53:11.497,5874.0,23026.08,SPY
backtest,,-7.3671,3400.2,541.11,5667.0,1.0,2024-06-12 14:00:01.949,,20.9679,541.71,-5667.0,-1.0,2024-06-12 15:55:00.010,5667.0,3400.2,SPY
backtest,,-7.6297,762.97,522.52,5869.0,1.0,2024-05-30 15:36:09.754,,21.7153,522.65,-5869.0,-1.0,2024-05-30 15:55:00.006,5869.0,762.97,SPY
backtest,,-7.4815,9323.1,532.8,5755.0,1.0,2024-06-06 14:10:02.137,,-7.4815,534.42,-5755.0,-1.0,2024-06-06 15:55:00.014,5755.0,9323.1,SPY
backtest,,-7.4698,-9136.14,533.62,5746.0,1.0,2024-08-02 10:05:06.369,,21.2602,532.03,-5746.0,-1.0,2024-08-02 15:55:00.011,5746.0,-9136.14,SPY
backtest,,-7.1552,990.72,557.1,5504.0,1.0,2024-07-17 12:38:15.816,,20.3648,557.28,-5504.0,-1.0,2024-07-17 15:55:00.012,5504.0,990.72,SPY
backtest,,-7.1253,5042.52,559.41,5481.0,1.0,2024-07-12 15:50:23.632,,-7.1253,560.33,-5481.0,-1.0,2024-07-12 15:55:00.016,5481.0,5042.52,SPY
backtest,,-7.3229,-8618.49,544.37,5633.0,1.0,2024-07-30 10:35:25.832,,20.8421,542.84,-5633.0,-1.0,2024-07-30 15:55:00.021,5633.0,-8618.49,SPY
backtest,,-7.397,22987.6,538.94,5690.0,1.0,2024-07-25 10:02:37.404,,-7.397,542.98,-5690.0,-1.0,2024-07-25 11:11:46.337,5690.0,22987.6,SPY
backtest,,-7.1591,-26543.74,556.85,5507.0,1.0,2024-07-18 10:35:53.487,,20.3759,552.03,-5507.0,-1.0,2024-07-18 15:55:00.011,5507.0,-26543.74,SPY
backtest,,-7.2254,-46131.4,551.74,5558.0,1.0,2024-08-01 10:15:30.247,,20.5646,543.44,-5558.0,-1.0,2024-08-01 12:42:00.013,5558.0,-46131.4,SPY
backtest,,-7.3294,7442.16,543.87,5638.0,1.0,2024-07-29 11:01:32.615,,20.8606,545.19,-5638.0,-1.0,2024-07-29 15:55:00.018,5638.0,7442.16,SPY
backtest,,-7.228,17402.8,551.51,5560.0,1.0,2024-07-22 10:06:44.131,,-7.228,554.64,-5560.0,-1.0,2024-07-22 15:55:00.012,5560.0,17402.8,SPY
backtest,,-7.1201,-16540.54,559.85,5477.0,1.0,2024-07-11 10:18:59.620,,20.2649,556.83,-5477.0,-1.0,2024-07-11 15:55:00.019,5477.0,-16540.54,SPY
backtest,,-7.1045,-1967.4,561.14,5465.0,1.0,2024-07-15 13:33:13.368,,20.2205,560.78,-5465.0,-1.0,2024-07-15 15:55:00.017,5465.0,-1967.4,SPY
backtest,,-7.7246,-1723.18,516.06,5942.0,1.0,2024-08-05 14:46:47.846,,21.9854,515.77,-5942.0,-1.0,2024-08-05 15:55:00.012,5942.0,-1723.18,SPY
backtest,,-7.2956,-33672.0,546.44,5612.0,1.0,2024-07-24 09:56:49.344,,20.7644,540.44,-5612.0,-1.0,2024-07-24 15:55:00.009,5612.0,-33672.0,SPY
backtest,,-7.2332,-14577.68,551.1,5564.0,1.0,2024-07-19 10:29:12.483,,20.5868,548.48,-5564.0,-1.0,2024-07-19 15:55:00.016,5564.0,-14577.68,SPY
backtest,,-7.3359,12188.88,543.35,5643.0,1.0,2024-07-01 10:12:15.927,,20.8791,545.51,-5643.0,-1.0,2024-07-01 15:55:00.006,5643.0,12188.88,SPY
backtest,,-7.2007,-1107.8,553.56,5539.0,1.0,2024-07-23 15:54:32.752,,20.4943,553.36,-5539.0,-1.0,2024-07-23 15:55:00.019,5539.0,-1107.8,SPY
backtest,,-7.4893,288.05,532.28,5761.0,1.0,2024-08-12 09:44:04.420,,-7.4893,532.33,-5761.0,-1.0,2024-08-12 15:55:00.102,5761.0,288.05,SPY
backtest,,-7.2436,4513.32,550.29,5572.0,1.0,2024-09-04 14:45:27.853,,20.6164,551.1,-5572.0,-1.0,2024-09-04 15:55:00.010,5572.0,4513.32,SPY
backtest,,-7.3385,22975.15,543.21,5645.0,1.0,2024-09-09 11:00:05.896,,-7.3385,547.28,-5645.0,-1.0,2024-09-09 12:35:26.356,5645.0,22975.15,SPY
backtest,,-7.1227,20327.09,559.65,5479.0,1.0,2024-08-30 11:00:03.617,,-7.1227,563.36,-5479.0,-1.0,2024-08-30 15:55:00.011,5479.0,20327.09,SPY
backtest,,-7.2956,13356.56,546.43,5612.0,1.0,2024-09-10 10:11:44.135,,20.7644,548.81,-5612.0,-1.0,2024-09-10 15:55:00.008,5612.0,13356.56,SPY
backtest,,-7.1188,-12704.32,560.02,5476.0,1.0,2024-08-29 14:30:28.045,,20.2612,557.7,-5476.0,-1.0,2024-08-29 15:55:00.006,5476.0,-12704.32,SPY
backtest,,-7.2631,-45701.66,548.85,5587.0,1.0,2024-09-06 09:40:48.398,,20.6719,540.67,-5587.0,-1.0,2024-09-06 11:47:00.112,5587.0,-45701.66,SPY
backtest,,-7.1097,-28165.35,560.69,5469.0,1.0,2024-08-22 10:11:33.570,,20.2353,555.54,-5469.0,-1.0,2024-08-22 15:55:00.012,5469.0,-28165.35,SPY
backtest,,-7.3775,22983.75,540.29,5675.0,1.0,2024-08-14 10:34:36.200,,-7.3775,544.34,-5675.0,-1.0,2024-08-14 11:52:12.681,5675.0,22983.75,SPY
backtest,,-7.1032,-4644.4,561.22,5464.0,1.0,2024-08-26 10:32:14.607,,20.2168,560.37,-5464.0,-1.0,2024-08-26 15:55:00.009,5464.0,-4644.4,SPY
backtest,,-7.1266,16884.56,559.4,5482.0,1.0,2024-08-23 10:48:23.522,,-7.1266,562.48,-5482.0,-1.0,2024-08-23 15:55:00.035,5482.0,16884.56,SPY
backtest,,-7.2449,-8582.42,550.25,5573.0,1.0,2024-09-05 11:00:28.362,,-7.2449,548.71,-5573.0,-1.0,2024-09-05 15:55:00.133,5573.0,-8582.42,SPY
backtest,,-7.6349,23022.16,522.14,5873.0,1.0,2024-08-08 09:48:50.161,,-7.6349,526.06,-5873.0,-1.0,2024-08-08 10:02:40.551,5873.0,23022.16,SPY
backtest,,-7.1305,-548.5,559.1,5485.0,1.0,2024-08-28 11:02:50.931,,-7.1305,559.0,-5485.0,-1.0,2024-08-28 15:56:52.016,5485.0,-548.5,SPY
backtest,,-7.5478,-45751.28,528.16,5806.0,1.0,2024-08-07 11:44:53.501,,21.4822,520.28,-5806.0,-1.0,2024-08-07 14:14:00.017,5806.0,-45751.28,SPY
backtest,,-7.1526,6822.48,557.35,5502.0,1.0,2024-08-20 13:00:36.096,,-7.1526,558.59,-5502.0,-1.0,2024-08-20 15:55:00.134,5502.0,6822.48,SPY
backtest,,-7.1474,-37661.3,557.77,5498.0,1.0,2024-09-03 10:03:28.945,,-7.1474,550.92,-5498.0,-1.0,2024-09-03 15:55:00.013,5498.0,-37661.3,SPY
backtest,,-7.1357,11966.02,558.6,5489.0,1.0,2024-08-21 10:52:21.049,,20.3093,560.78,-5489.0,-1.0,2024-08-21 15:55:00.010,5489.0,11966.02,SPY
backtest,,-7.0018,2315.98,569.37,5386.0,1.0,2024-09-25 13:00:39.970,,-7.0018,569.8,-5386.0,-1.0,2024-09-25 15:55:00.014,5386.0,2315.98,SPY
backtest,,-7.2085,23011.75,553.03,5545.0,1.0,2024-09-12 09:49:15.589,,-7.2085,557.18,-5545.0,-1.0,2024-09-12 12:57:56.655,5545.0,23011.75,SPY
backtest,,-7.0733,-4842.49,563.59,5441.0,1.0,2024-09-17 12:22:07.036,,20.1317,562.7,-5441.0,-1.0,2024-09-17 15:55:00.023,5441.0,-4842.49,SPY
backtest,,19.9689,22991.22,568.15,5397.0,1.0,2024-09-19 09:51:21.046,,-7.0161,572.41,-5397.0,-1.0,2024-09-19 13:42:36.164,5397.0,22991.22,SPY
backtest,,20.8051,22998.07,545.33,5623.0,1.0,2024-09-11 09:46:53.852,,-7.3099,549.42,-5623.0,-1.0,2024-09-11 13:40:05.456,5623.0,22998.07,SPY
backtest,,-7.0031,-5656.35,569.25,5387.0,1.0,2024-10-07 14:30:00.909,,19.9319,568.2,-5387.0,-1.0,2024-10-07 15:55:00.014,5387.0,-5656.35,SPY
backtest,,-7.0473,14853.54,565.63,5421.0,1.0,2024-09-20 11:14:47.377,,-7.0473,568.37,-5421.0,-1.0,2024-09-20 15:55:00.041,5421.0,14853.54,SPY
backtest,,-7.0395,5631.6,566.31,5415.0,1.0,2024-10-03 10:42:14.411,,20.0355,567.35,-5415.0,-1.0,2024-10-03 15:55:00.008,5415.0,5631.6,SPY
backtest,,-6.9901,13872.66,570.23,5377.0,1.0,2024-10-04 09:56:54.235,,-6.9901,572.81,-5377.0,-1.0,2024-10-04 15:55:00.028,5377.0,13872.66,SPY
backtest,,-6.9927,-8068.5,570.08,5379.0,1.0,2024-10-01 09:37:40.343,,-6.9927,568.58,-5379.0,-1.0,2024-10-01 15:55:00.038,5379.0,-8068.5,SPY
backtest,,-7.0187,13983.41,567.96,5399.0,1.0,2024-09-24 10:03:17.920,,-7.0187,570.55,-5399.0,-1.0,2024-09-24 15:55:10.170,5399.0,13983.41,SPY
backtest,,-6.9992,21643.68,569.49,5384.0,1.0,2024-09-30 14:19:57.114,,-6.9992,573.51,-5384.0,-1.0,2024-09-30 15:55:00.020,5384.0,21643.68,SPY
backtest,,-7.085,-5395.5,562.67,5450.0,1.0,2024-09-18 15:01:26.954,,20.165,561.68,-5450.0,-1.0,2024-09-18 15:55:00.011,5450.0,-5395.5,SPY
backtest,,19.8653,3758.3,571.08,5369.0,1.0,2024-09-27 14:31:04.530,,19.8653,571.78,-5369.0,-1.0,2024-09-27 15:55:00.025,5369.0,3758.3,SPY
backtest,,-6.9745,3272.65,571.59,5365.0,1.0,2024-09-26 10:55:31.558,,19.8505,572.2,-5365.0,-1.0,2024-09-26 15:55:00.010,5365.0,3272.65,SPY
backtest,,-7.1175,15768.0,560.06,5475.0,1.0,2024-09-16 10:34:12.973,,20.2575,562.94,-5475.0,-1.0,2024-09-16 15:55:00.016,5475.0,15768.0,SPY
backtest,,-6.9992,699.92,569.49,5384.0,1.0,2024-11-04 11:43:15.729,,-6.9992,569.62,-5384.0,-1.0,2024-11-04 15:55:00.019,5384.0,699.92,SPY
backtest,,-6.6872,4320.96,596.1,5144.0,1.0,2024-11-12 12:20:59.857,,19.0328,596.94,-5144.0,-1.0,2024-11-12 15:55:00.006,5144.0,4320.96,SPY
backtest,,-6.7054,-5931.7,594.47,5158.0,1.0,2024-11-14 12:31:14.544,,19.0846,593.32,-5158.0,-1.0,2024-11-14 15:55:00.010,5158.0,-5931.7,SPY
backtest,,-6.6716,3746.36,597.47,5132.0,1.0,2024-11-11 13:02:38.264,,18.9884,598.2,-5132.0,-1.0,2024-11-11 15:55:00.017,5132.0,3746.36,SPY
backtest,,-6.6976,8140.16,595.21,5152.0,1.0,2024-11-13 10:07:13.042,,19.0624,596.79,-5152.0,-1.0,2024-11-13 15:55:00.011,5152.0,8140.16,SPY
backtest,,-6.8588,-11343.4,581.19,5276.0,1.0,2024-10-25 13:13:54.270,,19.5212,579.04,-5276.0,-1.0,2024-10-25 15:55:00.011,5276.0,-11343.4,SPY
backtest,,-6.8822,-7729.24,579.17,5294.0,1.0,2024-10-23 11:13:56.091,,19.5878,577.71,-5294.0,-1.0,2024-10-23 15:55:00.015,5294.0,-7729.24,SPY
backtest,,-6.8471,4108.26,582.23,5267.0,1.0,2024-10-21 10:46:01.938,,-6.8471,583.01,-5267.0,-1.0,2024-10-21 15:55:00.050,5267.0,4108.26,SPY
backtest,,-6.7964,23003.2,586.56,5228.0,1.0,2024-11-06 09:48:26.216,,-6.7964,590.96,-5228.0,-1.0,2024-11-06 15:07:32.412,5228.0,23003.2,SPY
backtest,,-6.9043,11843.53,577.36,5311.0,1.0,2024-10-24 11:48:02.222,,19.6507,579.59,-5311.0,-1.0,2024-10-24 15:55:00.016,5311.0,11843.53,SPY
backtest,,-6.786,-7777.8,587.43,5220.0,1.0,2024-11-15 10:08:54.811,,19.314,585.94,-5220.0,-1.0,2024-11-15 15:55:00.009,5220.0,-7777.8,SPY
backtest,,-6.8315,-5149.9,583.52,5255.0,1.0,2024-10-17 09:36:24.585,,-6.8315,582.54,-5255.0,-1.0,2024-10-17 15:59:29.990,5255.0,-5149.9,SPY
backtest,,-6.9628,-14461.2,572.56,5356.0,1.0,2024-10-31 10:11:18.006,,19.8172,569.86,-5356.0,-1.0,2024-10-31 15:55:00.006,5356.0,-14461.2,SPY
backtest,,-6.6066,-47211.78,603.36,5082.0,1.0,2024-12-18 14:05:34.338,,18.8034,594.07,-5082.0,-1.0,2024-12-18 15:18:00.023,5082.0,-47211.78,SPY
backtest,,-6.669,-923.4,597.76,5130.0,1.0,2024-11-25 10:12:37.494,,18.981,597.58,-5130.0,-1.0,2024-11-25 15:55:00.011,5130.0,-923.4,SPY
backtest,,18.7775,-50.75,604.16,5075.0,1.0,2024-12-13 10:40:57.578,,18.7775,604.15,-5075.0,-1.0,2024-12-13 15:55:00.010,5075.0,-50.75,SPY
backtest,,-6.76,-17316.0,589.66,5200.0,1.0,2024-12-19 10:01:51.959,,19.24,586.33,-5200.0,-1.0,2024-12-19 15:55:00.007,5200.0,-17316.0,SPY
backtest,,-6.591,-2991.3,604.79,5070.0,1.0,2024-12-09 11:09:56.190,,18.759,604.2,-5070.0,-1.0,2024-12-09 15:55:00.008,5070.0,-2991.3,SPY
backtest,,-6.7652,23001.68,589.29,5204.0,1.0,2024-12-23 09:50:36.480,,-6.7652,593.71,-5204.0,-1.0,2024-12-23 13:39:07.017,5204.0,23001.68,SPY
backtest,,-6.7912,16925.76,587.02,5224.0,1.0,2024-11-20 10:05:35.636,,19.3288,590.26,-5224.0,-1.0,2024-11-20 15:55:00.009,5224.0,16925.76,SPY
backtest,,-6.6157,-1017.8,602.52,5089.0,1.0,2024-12-10 15:31:26.678,,18.8293,602.32,-5089.0,-1.0,2024-12-10 15:55:00.011,5089.0,-1017.8,SPY
backtest,,-6.7444,15667.76,591.01,5188.0,1.0,2024-11-21 09:35:40.406,,19.1956,594.03,-5188.0,-1.0,2024-11-21 15:55:00.009,5188.0,15667.76,SPY
backtest,,-6.6703,5131.0,597.6,5131.0,1.0,2024-11-27 12:08:45.129,,18.9847,598.6,-5131.0,-1.0,2024-11-27 15:55:00.006,5131.0,5131.0,SPY
backtest,,-6.6976,-34312.32,595.16,5152.0,1.0,2025-01-07 10:00:59.167,,19.0624,588.5,-5152.0,-1.0,2025-01-07 15:55:00.006,5152.0,-34312.32,SPY
backtest,,-6.7873,-16498.36,587.28,5221.0,1.0,2025-01-02 09:35:25.107,,19.3177,584.12,-5221.0,-1.0,2025-01-02 15:55:00.018,5221.0,-16498.36,SPY
backtest,,-6.8016,23020.8,586.07,5232.0,1.0,2025-01-08 12:28:44.523,,-6.8016,590.47,-5232.0,-1.0,2025-01-08 14:28:06.774,5232.0,23020.8,SPY
backtest,,-6.7392,5184.0,591.49,5184.0,1.0,2025-01-16 10:01:13.715,,19.1808,592.49,-5184.0,-1.0,2025-01-16 15:55:00.013,5184.0,5184.0,SPY
backtest,,-6.6963,-3502.68,595.31,5151.0,1.0,2024-12-27 10:01:43.170,,19.0587,594.63,-5151.0,-1.0,2024-12-27 15:55:00.013,5151.0,-3502.68,SPY
backtest,,-6.617,12419.6,602.46,5090.0,1.0,2025-01-30 10:29:48.241,,18.833,604.9,-5090.0,-1.0,2025-01-30 15:55:00.015,5090.0,12419.6,SPY
backtest,,-6.7821,-11164.38,587.72,5217.0,1.0,2024-12-31 11:04:03.254,,19.3029,585.58,-5217.0,-1.0,2024-12-31 15:55:00.018,5217.0,-11164.38,SPY
backtest,,-6.5598,-807.36,607.68,5046.0,1.0,2025-01-24 13:56:31.922,,-6.5598,607.52,-5046.0,-1.0,2025-01-24 15:55:00.223,5046.0,-807.36,SPY
backtest,,-6.63,3672.0,601.19,5100.0,1.0,2025-01-29 13:01:49.163,,18.87,601.91,-5100.0,-1.0,2025-01-29 15:55:00.012,5100.0,3672.0,SPY
backtest,,-6.8471,-3054.86,582.15,5267.0,1.0,2025-01-14 09:59:03.827,,19.4879,581.57,-5267.0,-1.0,2025-01-14 15:55:00.008,5267.0,-3054.86,SPY
backtest,,-6.8172,23021.16,584.74,5244.0,1.0,2024-12-30 10:00:22.364,,-6.8172,589.13,-5244.0,-1.0,2024-12-30 11:41:41.958,5244.0,23021.16,SPY
backtest,,-6.6859,-7457.35,596.23,5143.0,1.0,2025-01-06 13:45:40.018,,-6.6859,594.78,-5143.0,-1.0,2025-01-06 15:55:00.029,5143.0,-7457.35,SPY
backtest,,-6.8406,-9471.6,582.73,5262.0,1.0,2025-01-10 09:48:11.835,,19.4694,580.93,-5262.0,-1.0,2025-01-10 15:55:00.014,5262.0,-9471.6,SPY
backtest,,-6.747,22991.7,590.77,5190.0,1.0,2025-02-03 10:16:08.703,,19.203,595.2,-5190.0,-1.0,2025-02-03 10:24:34.815,5190.0,22991.7,SPY
backtest,,-6.5689,-24507.05,606.83,5053.0,1.0,2025-01-31 13:26:24.421,,-6.5689,601.98,-5053.0,-1.0,2025-01-31 15:55:00.024,5053.0,-24507.05,SPY
backtest,,18.9773,22977.92,597.82,5129.0,1.0,2025-01-28 09:46:45.664,,-6.6677,602.3,-5129.0,-1.0,2025-01-28 10:26:47.376,5129.0,22977.92,SPY
backtest,,-6.6989,-7111.14,595.09,5153.0,1.0,2025-02-25 09:52:12.784,,-6.6989,593.71,-5153.0,-1.0,2025-02-25 15:55:00.020,5153.0,-7111.14,SPY
backtest,,-7.1123,-5744.55,560.44,5471.0,1.0,2025-03-12 09:44:08.789,,20.2427,559.39,-5471.0,-1.0,2025-03-12 15:55:00.006,5471.0,-5744.55,SPY
backtest,,-6.929,-9967.1,575.29,5330.0,1.0,2025-03-06 11:51:53.270,,19.721,573.42,-5330.0,-1.0,2025-03-06 15:55:00.012,5330.0,-9967.1,SPY
backtest,,-6.8172,23021.16,584.74,5244.0,1.0,2025-02-28 12:46:52.486,,-6.8172,589.13,-5244.0,-1.0,2025-02-28 15:08:36.153,5244.0,23021.16,SPY
backtest,,-6.5832,-22939.92,605.54,5064.0,1.0,2025-02-07 10:00:07.471,,18.7368,601.01,-5064.0,-1.0,2025-02-07 15:55:00.013,5064.0,-22939.92,SPY
backtest,,-6.9693,22998.69,571.93,5361.0,1.0,2025-03-07 10:17:28.794,,-6.9693,576.22,-5361.0,-1.0,2025-03-07 14:20:25.268,5361.0,22998.69,SPY
backtest,,-6.6963,-45998.43,595.24,5151.0,1.0,2025-02-27 09:43:23.541,,19.0587,586.31,-5151.0,-1.0,2025-02-27 15:30:00.014,5151.0,-45998.43,SPY
backtest,,-6.5455,6092.35,609.06,5035.0,1.0,2025-02-20 09:53:50.904,,18.6295,610.27,-5035.0,-1.0,2025-02-20 15:55:00.010,5035.0,6092.35,SPY
backtest,,-6.9069,23005.29,577.16,5313.0,1.0,2025-03-04 09:51:17.899,,-6.9069,581.49,-5313.0,-1.0,2025-03-04 14:02:12.279,5313.0,23005.29,SPY
backtest,,-7.1383,23007.29,558.45,5491.0,1.0,2025-03-11 10:02:52.483,,-7.1383,562.64,-5491.0,-1.0,2025-03-11 14:54:12.558,5491.0,23007.29,SPY
backtest,,-6.5689,-32389.73,606.78,5053.0,1.0,2025-02-21 10:27:25.080,,18.6961,600.37,-5053.0,-1.0,2025-02-21 15:55:00.010,5053.0,-32389.73,SPY
backtest,,-6.6482,-11250.8,599.66,5114.0,1.0,2025-02-24 09:53:16.937,,-6.6482,597.46,-5114.0,-1.0,2025-02-24 15:55:00.023,5114.0,-11250.8,SPY
backtest,,-6.6885,-6585.6,596.0,5145.0,1.0,2025-02-26 12:52:40.303,,19.0365,594.72,-5145.0,-1.0,2025-02-26 15:55:00.008,5145.0,-6585.6,SPY
backtest,,-6.6586,22997.78,598.64,5122.0,1.0,2025-02-05 10:04:14.682,,18.9514,603.13,-5122.0,-1.0,2025-02-05 12:08:31.916,5122.0,22997.78,SPY
backtest,,-6.9238,23008.32,575.74,5326.0,1.0,2025-03-05 09:56:33.765,,-6.9238,580.06,-5326.0,-1.0,2025-03-05 12:51:36.542,5326.0,23008.32,SPY
backtest,,-6.7093,-49184.33,594.1,5161.0,1.0,2025-03-03 09:49:39.859,,19.0957,584.57,-5161.0,-1.0,2025-03-03 15:02:00.306,5161.0,-49184.33,SPY
backtest,,-7.0408,-46631.76,566.2,5416.0,1.0,2025-03-10 10:02:01.448,,20.0392,557.59,-5416.0,-1.0,2025-03-10 14:56:00.016,5416.0,-46631.76,SPY
backtest,,-6.6053,13617.08,603.49,5081.0,1.0,2025-02-06 14:31:53.618,,18.7997,606.17,-5081.0,-1.0,2025-02-06 15:55:00.013,5081.0,13617.08,SPY
backtest,,-7.1773,23022.57,555.42,5521.0,1.0,2025-04-01 10:07:03.681,,20.4277,559.59,-5521.0,-1.0,2025-04-01 10:59:10.473,5521.0,23022.57,SPY
backtest,,-8.19,22995.0,486.74,6300.0,1.0,2025-04-07 09:34:20.938,,-8.19,490.39,-6300.0,-1.0,2025-04-07 09:52:18.238,6300.0,22995.0,SPY
backtest,,-7.3138,-37356.64,545.03,5626.0,1.0,2025-04-03 09:48:00.689,,20.8162,538.39,-5626.0,-1.0,2025-04-03 15:55:00.013,5626.0,-37356.64,SPY
backtest,,-7.0941,-5402.43,561.95,5457.0,1.0,2025-03-18 09:44:07.016,,20.1909,560.96,-5457.0,-1.0,2025-03-18 15:55:00.007,5457.0,-5402.43,SPY
backtest,,-7.0421,-1787.61,566.11,5417.0,1.0,2025-03-20 12:28:42.224,,20.0429,565.78,-5417.0,-1.0,2025-03-20 15:55:00.014,5417.0,-1787.61,SPY
backtest,,20.4018,-28341.96,556.07,5514.0,1.0,2025-03-13 09:50:53.068,,20.4018,550.93,-5514.0,-1.0,2025-03-13 15:55:00.012,5514.0,-28341.96,SPY
backtest,,-7.6141,23018.01,523.59,5857.0,1.0,2025-04-11 10:19:47.214,,-7.6141,527.52,-5857.0,-1.0,2025-04-11 12:05:37.870,5857.0,23018.01,SPY
backtest,,-7.5127,-47214.43,530.59,5779.0,1.0,2025-04-10 09:37:11.793,,21.3823,522.42,-5779.0,-1.0,2025-04-10 11:34:00.006,5779.0,-47214.43,SPY
backtest,,-7.6713,23013.9,519.6,5901.0,1.0,2025-04-08 09:35:55.501,,-7.6713,523.5,-5901.0,-1.0,2025-04-08 10:00:54.077,5901.0,23013.9,SPY
backtest,,-7.3632,-9572.16,541.39,5664.0,1.0,2025-04-14 09:36:53.307,,20.9568,539.7,-5664.0,-1.0,2025-04-14 15:55:00.009,5664.0,-9572.16,SPY
backtest,,-7.28,23016.0,547.53,5600.0,1.0,2025-03-31 09:44:28.048,,-7.28,551.64,-5600.0,-1.0,2025-03-31 10:34:11.244,5600.0,23016.0,SPY
backtest,,-7.6245,-46040.25,522.81,5865.0,1.0,2025-04-04 09:34:02.477,,21.7005,514.96,-5865.0,-1.0,2025-04-04 10:37:00.022,5865.0,-46040.25,SPY
backtest,,-7.3853,-8180.64,539.76,5681.0,1.0,2025-04-15 10:19:11.348,,-7.3853,538.32,-5681.0,-1.0,2025-04-15 15:55:00.017,5681.0,-8180.64,SPY
backtest,,-8.0405,23008.2,495.79,6185.0,1.0,2025-04-09 09:47:24.414,,-8.0405,499.51,-6185.0,-1.0,2025-04-09 09:51:27.387,6185.0,23008.2,SPY
backtest,,21.3675,22984.5,530.99,5775.0,1.0,2025-04-16 09:51:44.203,,-7.5075,534.97,-5775.0,-1.0,2025-04-16 11:25:21.812,5775.0,22984.5,SPY
backtest,,20.0207,5897.99,566.68,5411.0,1.0,2025-03-27 12:57:24.753,,20.0207,567.77,-5411.0,-1.0,2025-03-27 15:55:00.008,5411.0,5897.99,SPY
backtest,,-7.1695,22997.55,556.03,5515.0,1.0,2025-03-14 10:00:02.659,,-7.1695,560.2,-5515.0,-1.0,2025-03-14 10:59:58.746,5515.0,22997.55,SPY
backtest,,-7.0863,23003.22,562.58,5451.0,1.0,2025-03-19 14:00:01.012,,-7.0863,566.8,-5451.0,-1.0,2025-03-19 14:44:01.912,5451.0,23003.22,SPY
backtest,,-6.9524,-21498.96,573.35,5348.0,1.0,2025-03-26 09:58:09.025,,-6.9524,569.33,-5348.0,-1.0,2025-03-26 15:55:04.103,5348.0,-21498.96,SPY
backtest,,-7.0746,-39019.14,563.47,5442.0,1.0,2025-03-28 10:00:00.029,,20.1354,556.3,-5442.0,-1.0,2025-03-28 15:55:00.011,5442.0,-39019.14,SPY
backtest,,-7.0785,22977.9,563.18,5445.0,1.0,2025-03-17 11:34:08.740,,-7.0785,567.4,-5445.0,-1.0,2025-03-17 14:00:05.710,5445.0,22977.9,SPY
backtest,,-7.5764,23020.6,526.18,5828.0,1.0,2025-04-17 10:20:35.074,,-7.5764,530.13,-5828.0,-1.0,2025-04-17 12:35:14.398,5828.0,23020.6,SPY
backtest,,-6.7964,6430.44,586.47,5228.0,1.0,2025-05-14 09:48:38.907,,-6.7964,587.7,-5228.0,-1.0,2025-05-14 15:55:00.016,5228.0,6430.44,SPY
backtest,,-6.7418,5289.72,591.32,5186.0,1.0,2025-05-20 14:21:25.420,,19.1882,592.34,-5186.0,-1.0,2025-05-20 15:55:00.020,5186.0,5289.72,SPY
backtest,,-6.7691,-28534.36,588.94,5207.0,1.0,2025-05-21 13:16:38.210,,19.2659,583.46,-5207.0,-1.0,2025-05-21 15:55:00.007,5207.0,-28534.36,SPY
backtest,,-7.241,8243.6,550.48,5570.0,1.0,2025-04-28 09:58:24.800,,-7.241,551.96,-5570.0,-1.0,2025-04-28 15:55:00.022,5570.0,8243.6,SPY
backtest,,-7.3684,23012.08,541.02,5668.0,1.0,2025-04-23 10:18:03.912,,-7.3684,545.08,-5668.0,-1.0,2025-04-23 10:35:51.326,5668.0,23012.08,SPY
backtest,,19.6396,22983.64,577.68,5308.0,1.0,2025-05-12 10:30:22.944,,-6.9004,582.01,-5308.0,-1.0,2025-05-12 13:08:16.817,5308.0,22983.64,SPY
backtest,,-7.3242,22986.72,544.29,5634.0,1.0,2025-04-30 09:39:52.860,,-7.3242,548.37,-5634.0,-1.0,2025-04-30 11:09:16.592,5634.0,22986.72,SPY
backtest,,-7.6154,23021.94,523.41,5858.0,1.0,2025-04-22 13:22:04.870,,-7.6154,527.34,-5858.0,-1.0,2025-04-22 15:49:44.975,5858.0,23021.94,SPY
backtest,,-7.1227,3561.35,559.69,5479.0,1.0,2025-05-01 11:56:26.410,,-7.1227,560.34,-5479.0,-1.0,2025-05-01 15:55:00.023,5479.0,3561.35,SPY
backtest,,-7.0811,22986.34,562.91,5447.0,1.0,2025-05-02 09:51:24.818,,-7.0811,567.13,-5447.0,-1.0,2025-05-02 12:01:04.689,5447.0,22986.34,SPY
backtest,,-7.3125,23006.25,545.16,5625.0,1.0,2025-04-25 09:51:39.416,,-7.3125,549.25,-5625.0,-1.0,2025-04-25 13:02:00.440,5625.0,23006.25,SPY
backtest,,-7.1279,22973.77,559.23,5483.0,1.0,2025-05-07 10:54:25.129,,-7.1279,563.42,-5483.0,-1.0,2025-05-07 15:43:06.878,5483.0,22973.77,SPY
backtest,,-7.6791,-48201.12,519.12,5907.0,1.0,2025-04-21 09:37:02.997,,21.8559,510.96,-5907.0,-1.0,2025-04-21 11:49:00.124,5907.0,-48201.12,SPY
backtest,,-7.0824,22990.56,562.8,5448.0,1.0,2025-05-08 10:11:51.981,,-7.0824,567.02,-5448.0,-1.0,2025-05-08 11:29:48.864,5448.0,22990.56,SPY
backtest,,-7.1552,23006.72,557.09,5504.0,1.0,2025-05-06 09:51:20.706,,-7.1552,561.27,-5504.0,-1.0,2025-05-06 10:34:34.804,5504.0,23006.72,SPY
backtest,,20.0836,-54.28,564.94,5428.0,1.0,2025-05-09 10:26:10.748,,20.0836,564.93,-5428.0,-1.0,2025-05-09 15:55:00.010,5428.0,-54.28,SPY
backtest,,-6.5026,5952.38,613.02,5002.0,1.0,2025-06-27 14:19:04.566,,-6.5026,614.21,-5002.0,-1.0,2025-06-27 15:55:00.008,5002.0,5952.38,SPY
backtest,,-6.7041,23000.22,594.66,5157.0,1.0,2025-06-23 12:25:32.198,,-6.7041,599.12,-5157.0,-1.0,2025-06-23 13:39:39.613,5157.0,23000.22,SPY
backtest,,-6.6222,-5297.76,601.99,5094.0,1.0,2025-06-11 12:21:18.084,,18.8478,600.95,-5094.0,-1.0,2025-06-11 15:55:00.011,5094.0,-5297.76,SPY
backtest,,-6.7964,23003.2,586.58,5228.0,1.0,2025-05-30 12:22:25.540,,-6.7964,590.98,-5228.0,-1.0,2025-05-30 15:37:31.363,5228.0,23003.2,SPY
backtest,,-6.6573,-5121.0,598.83,5121.0,1.0,2025-06-17 13:30:00.552,,18.9477,597.83,-5121.0,-1.0,2025-06-17 15:55:00.010,5121.0,-5121.0,SPY
backtest,,-6.6677,9437.36,597.84,5129.0,1.0,2025-06-06 11:19:04.516,,-6.6677,599.68,-5129.0,-1.0,2025-06-06 15:55:00.012,5129.0,9437.36,SPY
backtest,,-6.669,-1026.0,597.79,5130.0,1.0,2025-06-18 14:56:20.342,,18.981,597.59,-5130.0,-1.0,2025-06-18 15:55:00.011,5130.0,-1026.0,SPY
backtest,,-6.7899,22981.2,587.04,5223.0,1.0,2025-06-02 09:52:11.933,,-6.7899,591.44,-5223.0,-1.0,2025-06-02 14:22:01.888,5223.0,22981.2,SPY
backtest,,-6.76,-1560.0,589.65,5200.0,1.0,2025-05-29 10:07:04.438,,19.24,589.35,-5200.0,-1.0,2025-05-29 15:55:00.008,5200.0,-1560.0,SPY
backtest,,-6.6534,16735.86,599.14,5118.0,1.0,2025-06-10 11:33:33.595,,18.9366,602.41,-5118.0,-1.0,2025-06-10 15:55:00.012,5118.0,16735.86,SPY
backtest,,-6.6859,-10183.14,596.18,5143.0,1.0,2025-06-20 10:24:32.460,,-6.6859,594.2,-5143.0,-1.0,2025-06-20 15:55:00.011,5143.0,-10183.14,SPY
backtest,,-6.5819,4455.44,605.62,5063.0,1.0,2025-06-25 13:40:40.593,,-6.5819,606.5,-5063.0,-1.0,2025-06-25 15:55:00.584,5063.0,4455.44,SPY
backtest,,-6.7652,-9211.08,589.22,5204.0,1.0,2025-05-28 10:58:52.735,,-6.7652,587.45,-5204.0,-1.0,2025-05-28 15:55:00.024,5204.0,-9211.08,SPY
backtest,,-6.7041,-9953.01,594.58,5157.0,1.0,2025-06-05 09:46:04.855,,19.0809,592.65,-5157.0,-1.0,2025-06-05 15:55:00.009,5157.0,-9953.01,SPY
backtest,,-6.6742,23000.32,597.21,5134.0,1.0,2025-06-13 10:20:54.560,,18.9958,601.69,-5134.0,-1.0,2025-06-13 11:54:41.508,5134.0,23000.32,SPY
backtest,,-6.2595,-27349.2,636.81,4815.0,1.0,2025-07-31 10:58:39.491,,17.8155,631.13,-4815.0,-1.0,2025-07-31 15:55:00.009,4815.0,-27349.2,SPY
backtest,,-6.2725,-1785.25,635.49,4825.0,1.0,2025-07-29 11:28:32.549,,17.8525,635.12,-4825.0,-1.0,2025-07-29 15:55:00.011,4825.0,-1785.25,SPY
backtest,,-6.4025,-2708.75,622.66,4925.0,1.0,2025-08-01 09:42:28.016,,18.2225,622.11,-4925.0,-1.0,2025-08-01 15:55:00.010,4925.0,-2708.75,SPY
backtest,,-6.3336,-5261.76,629.36,4872.0,1.0,2025-08-05 10:26:29.189,,-6.3336,628.28,-4872.0,-1.0,2025-08-05 15:55:09.721,4872.0,-5261.76,SPY
backtest,,-6.422,-1877.2,620.69,4940.0,1.0,2025-07-07 12:20:27.876,,18.278,620.31,-4940.0,-1.0,2025-07-07 15:55:00.009,4940.0,-1877.2,SPY
backtest,,17.8895,-3722.95,634.2,4835.0,1.0,2025-07-30 14:56:05.437,,17.8895,633.43,-4835.0,-1.0,2025-07-30 15:55:00.013,4835.0,-3722.95,SPY
backtest,,-6.422,17487.6,620.71,4940.0,1.0,2025-07-16 11:17:10.211,,18.278,624.25,-4940.0,-1.0,2025-07-16 15:55:00.010,4940.0,17487.6,SPY
backtest,,-6.3882,-4570.02,624.01,4914.0,1.0,2025-07-15 10:56:07.777,,18.1818,623.08,-4914.0,-1.0,2025-07-15 15:55:00.011,4914.0,-4570.02,SPY
backtest,,-6.3622,12479.7,626.57,4894.0,1.0,2025-07-22 09:53:24.718,,-6.3622,629.12,-4894.0,-1.0,2025-07-22 15:55:30.069,4894.0,12479.7,SPY
backtest,,18.2447,9714.07,621.87,4931.0,1.0,2025-07-09 10:36:20.869,,18.2447,623.84,-4931.0,-1.0,2025-07-09 15:55:00.009,4931.0,9714.07,SPY
backtest,,-6.3414,1024.38,628.6,4878.0,1.0,2025-07-21 15:46:03.308,,18.0486,628.81,-4878.0,-1.0,2025-07-21 15:55:00.011,4878.0,1024.38,SPY
backtest,,-6.2205,-9904.95,640.89,4785.0,1.0,2025-08-19 11:00:30.459,,17.7045,638.82,-4785.0,-1.0,2025-08-19 15:55:00.014,4785.0,-9904.95,SPY
backtest,,-6.2894,-13304.5,633.83,4838.0,1.0,2025-08-07 10:23:09.830,,17.9006,631.08,-4838.0,-1.0,2025-08-07 15:55:00.007,4838.0,-13304.5,SPY
backtest,,-6.1854,-3092.7,644.51,4758.0,1.0,2025-08-29 10:05:24.165,,-6.1854,643.86,-4758.0,-1.0,2025-08-29 15:55:00.011,4758.0,-3092.7,SPY
backtest,,-6.123,5557.8,651.02,4710.0,1.0,2025-09-10 15:13:00.904,,17.427,652.2,-4710.0,-1.0,2025-09-10 15:55:00.007,4710.0,5557.8,SPY
backtest,,17.7045,10622.7,640.77,4785.0,1.0,2025-09-03 13:45:25.957,,-6.2205,642.99,-4785.0,-1.0,2025-09-03 15:55:00.013,4785.0,10622.7,SPY
backtest,,-6.2764,-772.48,635.17,4828.0,1.0,2025-08-11 15:51:30.016,,17.8636,635.01,-4828.0,-1.0,2025-08-11 15:55:00.010,4828.0,-772.48,SPY
backtest,,17.8451,20835.36,635.83,4823.0,1.0,2025-09-02 11:35:52.865,,-6.2699,640.15,-4823.0,-1.0,2025-09-02 15:55:00.013,4823.0,20835.36,SPY
backtest,,-6.2855,7397.55,634.14,4835.0,1.0,2025-08-21 13:22:23.144,,17.8895,635.67,-4835.0,-1.0,2025-08-21 15:55:00.007,4835.0,7397.55,SPY
backtest,,-6.2634,11370.48,636.46,4818.0,1.0,2025-08-20 09:51:33.715,,17.8266,638.82,-4818.0,-1.0,2025-08-20 15:55:00.013,4818.0,11370.48,SPY
backtest,,-6.1412,-12754.8,649.13,4724.0,1.0,2025-09-05 10:14:31.457,,-6.1412,646.43,-4724.0,-1.0,2025-09-05 15:55:00.036,4724.0,-12754.8,SPY
backtest,,-6.0957,22976.1,653.88,4689.0,1.0,2025-10-14 09:43:19.942,,-6.0957,658.78,-4689.0,-1.0,2025-10-14 10:20:26.684,4689.0,22976.1,SPY
backtest,,-6.0801,10523.25,655.56,4677.0,1.0,2025-09-25 13:58:50.878,,-6.0801,657.81,-4677.0,-1.0,2025-09-25 15:55:00.070,4677.0,10523.25,SPY
backtest,,-5.9488,4987.84,670.08,4576.0,1.0,2025-10-09 10:45:11.467,,-5.9488,671.17,-4576.0,-1.0,2025-10-09 15:55:01.262,4576.0,4987.84,SPY
backtest,,-5.9566,1145.5,669.28,4582.0,1.0,2025-10-03 13:50:46.191,,16.9534,669.53,-4582.0,-1.0,2025-10-03 15:55:00.010,4582.0,1145.5,SPY
backtest,,-5.9514,-2426.34,669.8,4578.0,1.0,2025-10-07 11:06:00.555,,-5.9514,669.27,-4578.0,-1.0,2025-10-07 15:55:00.022,4578.0,-2426.34,SPY
backtest,,-6.0528,15132.0,658.59,4656.0,1.0,2025-09-26 10:25:07.631,,17.2272,661.84,-4656.0,-1.0,2025-09-26 15:55:00.016,4656.0,15132.0,SPY
backtest,,-6.0021,-3278.07,664.12,4617.0,1.0,2025-09-23 13:26:08.479,,17.0829,663.41,-4617.0,-1.0,2025-09-23 15:55:00.012,4617.0,-3278.07,SPY
backtest,,-5.9852,-11556.04,666.05,4604.0,1.0,2025-10-15 11:36:53.101,,17.0348,663.54,-4604.0,-1.0,2025-10-15 15:55:00.015,4604.0,-11556.04,SPY
backtest,,-5.9436,-48920.4,670.7,4572.0,1.0,2025-10-10 10:58:08.656,,16.9164,660.0,-4572.0,-1.0,2025-10-10 11:33:00.013,4572.0,-48920.4,SPY
backtest,,-6.0294,324.66,661.1,4638.0,1.0,2025-09-24 11:51:06.662,,17.1606,661.17,-4638.0,-1.0,2025-09-24 15:55:00.011,4638.0,324.66,SPY
backtest,,17.2531,8393.4,657.59,4663.0,1.0,2025-09-17 14:15:15.795,,17.2531,659.39,-4663.0,-1.0,2025-09-17 15:55:00.014,4663.0,8393.4,SPY
backtest,,-5.8526,7923.52,681.13,4502.0,1.0,2025-11-03 10:26:02.327,,-5.8526,682.89,-4502.0,-1.0,2025-11-03 15:55:00.016,4502.0,7923.52,SPY
backtest,,-5.8474,-5982.34,681.75,4498.0,1.0,2025-10-30 15:06:08.592,,-5.8474,680.42,-4498.0,-1.0,2025-10-30 15:55:00.012,4498.0,-5982.34,SPY
backtest,,-5.8942,22987.38,676.24,4534.0,1.0,2025-11-10 10:59:13.855,,-5.8942,681.31,-4534.0,-1.0,2025-11-10 14:52:26.594,4534.0,22987.38,SPY
backtest,,-6.006,23007.6,663.71,4620.0,1.0,2025-11-07 10:46:14.345,,-6.006,668.69,-4620.0,-1.0,2025-11-07 14:40:24.066,4620.0,23007.6,SPY
backtest,,-5.9124,-16736.64,674.2,4548.0,1.0,2025-11-06 09:59:44.406,,-5.9124,670.52,-4548.0,-1.0,2025-11-06 15:55:08.639,4548.0,-16736.64,SPY
backtest,,-6.0528,23000.64,658.65,4656.0,1.0,2025-10-17 11:25:09.571,,-6.0528,663.59,-4656.0,-1.0,2025-10-17 12:30:50.100,4656.0,23000.64,SPY
backtest,,16.761,-27814.2,676.96,4530.0,1.0,2025-11-13 10:45:24.684,,16.761,670.82,-4530.0,-1.0,2025-11-13 15:55:00.012,4530.0,-27814.2,SPY
backtest,,-5.85,9450.0,681.39,4500.0,1.0,2025-11-12 11:10:58.707,,16.65,683.49,-4500.0,-1.0,2025-11-12 15:55:00.016,4500.0,9450.0,SPY
backtest,,-5.954,-21709.2,669.46,4580.0,1.0,2025-11-17 11:06:33.240,,16.946,664.72,-4580.0,-1.0,2025-11-17 15:55:00.006,4580.0,-21709.2,SPY
backtest,,-6.0346,3620.76,660.5,4642.0,1.0,2025-11-18 09:50:11.650,,17.1754,661.28,-4642.0,-1.0,2025-11-18 15:55:00.012,4642.0,3620.76,SPY
backtest,,-5.8071,268.02,686.41,4467.0,1.0,2025-10-29 14:35:29.774,,16.5279,686.47,-4467.0,-1.0,2025-10-29 15:55:00.011,4467.0,268.02,SPY
backtest,,-5.902,-1634.4,675.37,4540.0,1.0,2025-11-04 13:19:14.397,,-5.902,675.01,-4540.0,-1.0,2025-11-04 15:55:00.014,4540.0,-1634.4,SPY
backtest,,-5.9605,-4401.6,668.85,4585.0,1.0,2025-10-22 10:32:24.009,,16.9645,667.89,-4585.0,-1.0,2025-10-22 15:55:00.013,4585.0,-4401.6,SPY
backtest,,-6.0177,2962.56,662.38,4629.0,1.0,2025-11-19 11:06:05.700,,17.1273,663.02,-4629.0,-1.0,2025-11-19 15:55:00.010,4629.0,2962.56,SPY
backtest,,-5.8487,6433.57,681.62,4499.0,1.0,2025-10-31 12:00:31.368,,-5.8487,683.05,-4499.0,-1.0,2025-10-31 15:55:19.747,4499.0,6433.57,SPY
backtest,,-5.9943,-18997.32,664.96,4611.0,1.0,2025-10-16 11:31:16.978,,17.0607,660.84,-4611.0,-1.0,2025-10-16 15:55:00.007,4611.0,-18997.32,SPY
backtest,,-5.8474,9040.98,681.71,4498.0,1.0,2025-12-04 14:21:14.424,,16.6426,683.72,-4498.0,-1.0,2025-12-04 15:55:00.011,4498.0,9040.98,SPY
backtest,,-5.8474,-3778.32,681.73,4498.0,1.0,2025-12-15 10:00:47.913,,16.6426,680.89,-4498.0,-1.0,2025-12-15 15:55:00.007,4498.0,-3778.32,SPY
backtest,,-5.9332,-47009.2,671.88,4564.0,1.0,2025-11-20 11:04:04.249,,-5.9332,661.58,-4564.0,-1.0,2025-11-20 11:57:00.092,4564.0,-47009.2,SPY
backtest,,-6.1022,23000.6,653.22,4694.0,1.0,2025-11-21 09:46:43.064,,-6.1022,658.12,-4694.0,-1.0,2025-11-21 11:51:05.565,4694.0,23000.6,SPY
backtest,,-5.8136,-19006.0,685.64,4472.0,1.0,2025-12-12 10:09:16.663,,16.5464,681.39,-4472.0,-1.0,2025-12-12 15:55:00.009,4472.0,-19006.0,SPY
backtest,,-5.8591,5543.61,680.34,4507.0,1.0,2025-12-02 11:23:31.055,,16.6759,681.57,-4507.0,-1.0,2025-12-02 15:55:00.011,4507.0,5543.61,SPY
backtest,,16.6093,-2962.74,683.14,4489.0,1.0,2025-12-08 11:01:27.513,,16.6093,682.48,-4489.0,-1.0,2025-12-08 15:55:00.012,4489.0,-2962.74,SPY
backtest,,-6.0216,22974.72,661.95,4632.0,1.0,2025-11-24 09:50:05.705,,-6.0216,666.91,-4632.0,-1.0,2025-11-24 10:45:12.907,4632.0,22974.72,SPY
backtest,,-5.8409,23004.16,682.41,4493.0,1.0,2025-12-11 09:56:57.566,,-5.8409,687.53,-4493.0,-1.0,2025-12-11 12:24:06.522,4493.0,23004.16,SPY
backtest,,-5.8838,10545.58,677.57,4526.0,1.0,2025-12-16 10:22:31.931,,16.7462,679.9,-4526.0,-1.0,2025-12-16 15:55:00.009,4526.0,10545.58,SPY
backtest,,-5.8916,3444.32,676.57,4532.0,1.0,2025-12-18 12:11:15.355,,16.7684,677.33,-4532.0,-1.0,2025-12-18 15:55:00.006,4532.0,3444.32,SPY
backtest,,17.0126,22990.0,666.88,4598.0,1.0,2025-11-25 09:45:13.145,,-5.9774,671.88,-4598.0,-1.0,2025-11-25 11:56:24.867,4598.0,22990.0,SPY
backtest,,-5.8565,-17479.4,680.67,4505.0,1.0,2026-01-20 12:46:51.053,,16.6685,676.79,-4505.0,-1.0,2026-01-20 15:55:00.007,4505.0,-17479.4,SPY
backtest,,16.3762,2965.42,692.76,4426.0,1.0,2026-01-13 10:18:42.071,,-5.7538,693.43,-4426.0,-1.0,2026-01-13 15:55:00.013,4426.0,2965.42,SPY
backtest,,-5.7603,-487.41,692.04,4431.0,1.0,2026-01-15 15:17:22.594,,-5.7603,691.93,-4431.0,-1.0,2026-01-15 15:59:56.257,4431.0,-487.41,SPY
backtest,,-5.7967,5083.26,687.67,4459.0,1.0,2026-01-22 09:49:32.447,,-5.7967,688.81,-4459.0,-1.0,2026-01-22 15:55:00.011,4459.0,5083.26,SPY
backtest,,-5.8344,-3635.28,683.29,4488.0,1.0,2026-01-02 10:20:30.320,,-5.8344,682.48,-4488.0,-1.0,2026-01-02 15:55:00.045,4488.0,-3635.28,SPY
backtest,,-5.7928,6906.8,688.11,4456.0,1.0,2026-01-14 10:00:00.711,,16.4872,689.66,-4456.0,-1.0,2026-01-14 15:55:00.011,4456.0,6906.8,SPY
backtest,,-5.8357,-2872.96,683.14,4489.0,1.0,2025-12-31 15:10:17.350,,-5.8357,682.5,-4489.0,-1.0,2025-12-31 15:55:02.037,4489.0,-2872.96,SPY
backtest,,-5.8617,22995.9,680.08,4509.0,1.0,2026-01-21 11:58:40.383,,-5.8617,685.18,-4509.0,-1.0,2026-01-21 14:30:45.566,4509.0,22995.9,SPY
backtest,,-5.7486,1149.72,693.46,4422.0,1.0,2026-01-29 09:44:22.174,,16.3614,693.72,-4422.0,-1.0,2026-01-29 15:55:00.010,4422.0,1149.72,SPY
backtest,,-5.7733,3552.8,690.5,4441.0,1.0,2026-01-30 11:21:24.134,,-5.7733,691.3,-4441.0,-1.0,2026-01-30 15:55:06.914,4441.0,3552.8,SPY
backtest,,-5.7473,-18877.67,693.62,4421.0,1.0,2026-02-03 09:58:43.778,,16.3577,689.35,-4421.0,-1.0,2026-02-03 15:55:00.009,4421.0,-18877.67,SPY
backtest,,-6.0008,22987.68,664.25,4616.0,1.0,2026-03-09 09:40:58.826,,-6.0008,669.23,-4616.0,-1.0,2026-03-09 11:15:27.121,4616.0,22987.68,SPY
backtest,,-5.8097,-22523.76,686.09,4469.0,1.0,2026-02-23 10:00:14.574,,-5.8097,681.05,-4469.0,-1.0,2026-02-23 15:55:20.598,4469.0,-22523.76,SPY
backtest,,-5.8656,23011.2,679.62,4512.0,1.0,2026-03-04 09:45:09.435,,16.6944,684.72,-4512.0,-1.0,2026-03-04 10:20:33.652,4512.0,23011.2,SPY
backtest,,-5.8487,-584.87,681.52,4499.0,1.0,2026-03-05 10:24:03.376,,16.6463,681.39,-4499.0,-1.0,2026-03-05 15:55:00.007,4499.0,-584.87,SPY
backtest,,-5.8695,22981.35,679.21,4515.0,1.0,2026-02-13 09:40:09.201,,16.7055,684.3,-4515.0,-1.0,2026-02-13 10:33:03.774,4515.0,22981.35,SPY
backtest,,-5.9176,22987.6,673.59,4552.0,1.0,2026-03-03 09:44:29.181,,-5.9176,678.64,-4552.0,-1.0,2026-03-03 13:01:56.988,4552.0,22987.6,SPY
backtest,,-5.7486,-3316.5,693.44,4422.0,1.0,2026-02-11 10:03:03.574,,16.3614,692.69,-4422.0,-1.0,2026-02-11 15:55:00.008,4422.0,-3316.5,SPY
backtest,,-5.8422,7549.92,682.27,4494.0,1.0,2026-02-19 12:53:11.054,,16.6278,683.95,-4494.0,-1.0,2026-02-19 15:55:00.011,4494.0,7549.92,SPY
backtest,,-5.9059,22987.58,675.01,4543.0,1.0,2026-03-10 10:01:07.503,,-5.9059,680.07,-4543.0,-1.0,2026-03-10 10:43:24.230,4543.0,22987.58,SPY
backtest,,16.4095,-46656.2,691.41,4435.0,1.0,2026-02-12 10:38:03.068,,-5.7655,680.89,-4435.0,-1.0,2026-02-12 15:51:00.677,4435.0,-46656.2,SPY
backtest,,-5.8981,2359.24,675.86,4537.0,1.0,2026-03-11 10:25:06.376,,16.7869,676.38,-4537.0,-1.0,2026-03-11 15:55:00.013,4537.0,2359.24,SPY
backtest,,-5.7837,-667.35,689.14,4449.0,1.0,2026-02-26 10:12:48.040,,16.4613,688.99,-4449.0,-1.0,2026-02-26 15:55:00.011,4449.0,-667.35,SPY
backtest,,-5.8227,22977.27,684.54,4479.0,1.0,2026-02-20 12:22:01.442,,-5.8227,689.67,-4479.0,-1.0,2026-02-20 13:45:56.183,4479.0,22977.27,SPY
backtest,,-5.8695,22981.35,679.19,4515.0,1.0,2026-02-17 09:50:30.881,,-5.8695,684.28,-4515.0,-1.0,2026-02-17 13:52:53.748,4515.0,22981.35,SPY
backtest,,-5.7941,-6730.07,688.0,4457.0,1.0,2026-02-04 09:58:54.663,,-5.7941,686.49,-4457.0,-1.0,2026-02-04 15:55:00.021,4457.0,-6730.07,SPY
backtest,,-5.8201,9401.7,684.91,4477.0,1.0,2026-02-18 14:39:13.264,,16.5649,687.01,-4477.0,-1.0,2026-02-18 15:55:00.007,4477.0,9401.7,SPY
backtest,,-5.7577,-88.58,692.35,4429.0,1.0,2026-02-10 15:53:13.070,,-5.7577,692.33,-4429.0,-1.0,2026-02-10 15:55:03.751,4429.0,-88.58,SPY
backtest,,-5.9436,22997.16,670.75,4572.0,1.0,2026-03-06 09:35:48.428,,-5.9436,675.78,-4572.0,-1.0,2026-03-06 10:38:08.391,4572.0,22997.16,SPY
backtest,,-5.8682,-9795.38,679.25,4514.0,1.0,2026-02-05 10:01:43.521,,-5.8682,677.08,-4514.0,-1.0,2026-02-05 15:55:00.011,4514.0,-9795.38,SPY
backtest,,-5.9657,-6791.72,668.26,4589,1,2026-03-12 09:56:03.776,,16.9793,666.78,-4589,-1,2026-03-12 15:55:00.008,4589,-6791.72,SPY
